activity_comment,activity_id,activity_properties,assay_chembl_id,assay_description,assay_type,assay_variant_accession,assay_variant_mutation,bao_endpoint,bao_format,bao_label,canonical_smiles,data_validity_comment,data_validity_description,document_chembl_id,document_journal,document_year,ligand_efficiency,molecule_chembl_id,molecule_pref_name,parent_molecule_chembl_id,pchembl_value,potential_duplicate,qudt_units,record_id,relation,src_id,standard_flag,standard_relation,standard_text_value,standard_type,standard_units,standard_upper_value,standard_value,target_chembl_id,target_organism,target_pref_name,target_tax_id,text_value,toid,type,units,uo_units,upper_value,value
,1480935,[],CHEMBL829584,In vitro inhibitory concentration against SARS coronavirus main protease (SARS CoV 3C-like protease),B,,,BAO_0000190,BAO_0000357,single protein format,Cc1noc(C)c1CN1C(=O)C(=O)c2cc(C#N)ccc21,,,CHEMBL1139624,Bioorg. Med. Chem. Lett.,2005,"{'bei': '18.28', 'le': '0.33', 'lle': '3.25', 'sei': '5.90'}",CHEMBL187579,,CHEMBL187579,5.14,False,http://www.openphacts.org/units/Nanomolar,384103,=,1,True,=,,IC50,nM,,7200.0,CHEMBL3927,SARS coronavirus,SARS coronavirus 3C-like proteinase,227859,,,IC50,uM,UO_0000065,,7.2
,1480936,[],CHEMBL829584,In vitro inhibitory concentration against SARS coronavirus main protease (SARS CoV 3C-like protease),B,,,BAO_0000190,BAO_0000357,single protein format,O=C1C(=O)N(Cc2ccc(F)cc2Cl)c2ccc(I)cc21,,,CHEMBL1139624,Bioorg. Med. Chem. Lett.,2005,"{'bei': '12.10', 'le': '0.33', 'lle': '1.22', 'sei': '13.45'}",CHEMBL188487,,CHEMBL188487,5.03,False,http://www.openphacts.org/units/Nanomolar,383984,=,1,True,=,,IC50,nM,,9400.0,CHEMBL3927,SARS coronavirus,SARS coronavirus 3C-like proteinase,227859,,,IC50,uM,UO_0000065,,9.4
,1481061,[],CHEMBL830868,In vitro inhibitory concentration against SARS coronavirus main protease (SARS CoV 3C-like protease) at 20 uM,B,,,BAO_0000190,BAO_0000357,single protein format,O=C1C(=O)N(CC2COc3ccccc3O2)c2ccc(I)cc21,,,CHEMBL1139624,Bioorg. Med. Chem. Lett.,2005,"{'bei': '11.56', 'le': '0.29', 'lle': '2.21', 'sei': '8.72'}",CHEMBL185698,,CHEMBL185698,4.87,False,http://www.openphacts.org/units/Nanomolar,384106,=,1,True,=,,IC50,nM,,13500.0,CHEMBL3927,SARS coronavirus,SARS coronavirus 3C-like proteinase,227859,,,IC50,uM,UO_0000065,,13.5
,1481065,[],CHEMBL829584,In vitro inhibitory concentration against SARS coronavirus main protease (SARS CoV 3C-like protease),B,,,BAO_0000190,BAO_0000357,single protein format,O=C1C(=O)N(Cc2cc3ccccc3s2)c2ccccc21,,,CHEMBL1139624,Bioorg. Med. Chem. Lett.,2005,"{'bei': '16.64', 'le': '0.32', 'lle': '1.25', 'sei': '13.06'}",CHEMBL426082,,CHEMBL426082,4.88,False,http://www.openphacts.org/units/Nanomolar,384075,=,1,True,=,,IC50,nM,,13110.0,CHEMBL3927,SARS coronavirus,SARS coronavirus 3C-like proteinase,227859,,,IC50,uM,UO_0000065,,13.11
,1481066,[],CHEMBL829584,In vitro inhibitory concentration against SARS coronavirus main protease (SARS CoV 3C-like protease),B,,,BAO_0000190,BAO_0000357,single protein format,O=C1C(=O)N(Cc2cc3ccccc3s2)c2c1cccc2[N+](=O)[O-],,,CHEMBL1139624,Bioorg. Med. Chem. Lett.,2005,"{'bei': '16.84', 'le': '0.32', 'lle': '2.16', 'sei': '7.08'}",CHEMBL187717,,CHEMBL187717,5.70,False,http://www.openphacts.org/units/Nanomolar,384234,=,1,True,=,,IC50,nM,,2000.0,CHEMBL3927,SARS coronavirus,SARS coronavirus 3C-like proteinase,227859,,,IC50,uM,UO_0000065,,2.0
,1481068,[],CHEMBL828143,In vitro inhibitory concentration SARS coronavirus main protease (SARS CoV 3C-like protease) ,B,,,BAO_0000190,BAO_0000357,single protein format,O=C1C(=O)N(Cc2cc3ccccc3s2)c2c(Br)cccc21,,,CHEMBL1139624,Bioorg. Med. Chem. Lett.,2005,"{'bei': '16.14', 'le': '0.37', 'lle': '1.62', 'sei': '16.07'}",CHEMBL365134,,CHEMBL365134,6.01,False,http://www.openphacts.org/units/Nanomolar,384081,=,1,True,=,,IC50,nM,,980.0,CHEMBL3927,SARS coronavirus,SARS coronavirus 3C-like proteinase,227859,,,IC50,uM,UO_0000065,,0.98
,1481088,[],CHEMBL829584,In vitro inhibitory concentration against SARS coronavirus main protease (SARS CoV 3C-like protease),B,,,BAO_0000190,BAO_0000357,single protein format,O=C1C(=O)N(Cc2cc3ccccc3s2)c2ccc(F)cc21,,,CHEMBL1139624,Bioorg. Med. Chem. Lett.,2005,"{'bei': '17.08', 'le': '0.33', 'lle': '1.55', 'sei': '14.22'}",CHEMBL187598,,CHEMBL187598,5.32,False,http://www.openphacts.org/units/Nanomolar,384303,=,1,True,=,,IC50,nM,,4820.0,CHEMBL3927,SARS coronavirus,SARS coronavirus 3C-like proteinase,227859,,,IC50,uM,UO_0000065,,4.82
,1481089,[],CHEMBL829584,In vitro inhibitory concentration against SARS coronavirus main protease (SARS CoV 3C-like protease),B,,,BAO_0000190,BAO_0000357,single protein format,O=C1C(=O)N(Cc2cc3ccccc3s2)c2ccc(I)cc21,,,CHEMBL1139624,Bioorg. Med. Chem. Lett.,2005,"{'bei': '14.36', 'le': '0.37', 'lle': '1.78', 'sei': '16.11'}",CHEMBL190743,,CHEMBL190743,6.02,False,http://www.openphacts.org/units/Nanomolar,384329,=,1,True,=,,IC50,nM,,950.0,CHEMBL3927,SARS coronavirus,SARS coronavirus 3C-like proteinase,227859,,,IC50,uM,UO_0000065,,0.95
,1481093,[],CHEMBL829584,In vitro inhibitory concentration against SARS coronavirus main protease (SARS CoV 3C-like protease),B,,,BAO_0000190,BAO_0000357,single protein format,O=C1C(=O)N(Cc2cc3ccccc3s2)c2cccc(Cl)c21,,,CHEMBL1139624,Bioorg. Med. Chem. Lett.,2005,"{'bei': '15.10', 'le': '0.31', 'lle': '0.67', 'sei': '13.24'}",CHEMBL365469,,CHEMBL365469,4.95,False,http://www.openphacts.org/units/Nanomolar,384283,=,1,True,=,,IC50,nM,,11200.0,CHEMBL3927,SARS coronavirus,SARS coronavirus 3C-like proteinase,227859,,,IC50,uM,UO_0000065,,11.2
,1481209,[],CHEMBL829584,In vitro inhibitory concentration against SARS coronavirus main protease (SARS CoV 3C-like protease),B,,,BAO_0000190,BAO_0000357,single protein format,O=C1C(=O)N(C/C=C/c2cc3ccccc3s2)c2ccc(I)cc21,,,CHEMBL1139624,Bioorg. Med. Chem. Lett.,2005,"{'bei': '10.40', 'le': '0.26', 'lle': '-0.12', 'sei': '12.38'}",CHEMBL188983,,CHEMBL188983,4.63,False,http://www.openphacts.org/units/Nanomolar,384742,=,1,True,=,,IC50,nM,,23500.0,CHEMBL3927,SARS coronavirus,SARS coronavirus 3C-like proteinase,227859,,,IC50,uM,UO_0000065,,23.5
,1481212,[],CHEMBL829584,In vitro inhibitory concentration against SARS coronavirus main protease (SARS CoV 3C-like protease),B,,,BAO_0000190,BAO_0000357,single protein format,O=C(Nc1ccc(Cl)cc1)c1ccc(CN2C(=O)C(=O)c3cc(I)ccc32)s1,,,CHEMBL1139624,Bioorg. Med. Chem. Lett.,2005,"{'bei': '9.37', 'le': '0.24', 'lle': '-0.09', 'sei': '7.37'}",CHEMBL191575,,CHEMBL191575,4.90,False,http://www.openphacts.org/units/Nanomolar,384846,=,1,True,=,,IC50,nM,,12570.0,CHEMBL3927,SARS coronavirus,SARS coronavirus 3C-like proteinase,227859,,,IC50,uM,UO_0000065,,12.57
,1481219,[],CHEMBL829584,In vitro inhibitory concentration against SARS coronavirus main protease (SARS CoV 3C-like protease),B,,,BAO_0000190,BAO_0000357,single protein format,O=C1C(=O)N(Cc2ccc(C(=O)N3CCCCC3)s2)c2ccc(I)cc21,,,CHEMBL1139624,Bioorg. Med. Chem. Lett.,2005,"{'bei': '9.90', 'le': '0.25', 'lle': '1.05', 'sei': '8.25'}",CHEMBL370923,,CHEMBL370923,4.76,False,http://www.openphacts.org/units/Nanomolar,384826,=,1,True,=,,IC50,nM,,17500.0,CHEMBL3927,SARS coronavirus,SARS coronavirus 3C-like proteinase,227859,,,IC50,uM,UO_0000065,,17.5
,1610716,[],CHEMBL880249,Inhibitory concentration required for antiviral activity against SARS-CoV 3CLpro protease,B,,,BAO_0000190,BAO_0000357,single protein format,CCOC(=O)/C=C/[C@H](C[C@@H]1CCNC1=O)NC(=O)[C@@H](CC(=O)[C@@H](NC(=O)c1cc(C)on1)C(C)C)Cc1ccccc1,,,CHEMBL1141032,J. Med. Chem.,2005,"{'bei': '7.49', 'le': '0.14', 'lle': '1.66', 'sei': '2.77'}",CHEMBL194398,,CHEMBL194398,4.35,False,http://www.openphacts.org/units/Nanomolar,403248,=,1,True,=,,IC50,nM,,45000.0,CHEMBL3927,SARS coronavirus,SARS coronavirus 3C-like proteinase,227859,,,IC50,uM,UO_0000065,,45.0
,1610719,[],CHEMBL880249,Inhibitory concentration required for antiviral activity against SARS-CoV 3CLpro protease,B,,,BAO_0000190,BAO_0000357,single protein format,CCOC(=O)/C=C/[C@H](C[C@@H]1CCNC1=O)NC(=O)[C@H](CC=C(C)C)CC(=O)[C@@H](NC(=O)c1cc(C)on1)C(C)C,,,CHEMBL1141032,J. Med. Chem.,2005,"{'bei': '7.44', 'le': '0.14', 'lle': '1.35', 'sei': '2.65'}",CHEMBL196635,,CHEMBL196635,4.16,False,http://www.openphacts.org/units/Nanomolar,403249,=,1,True,=,,IC50,nM,,70000.0,CHEMBL3927,SARS coronavirus,SARS coronavirus 3C-like proteinase,227859,,,IC50,uM,UO_0000065,,70.0
,1720026,[],CHEMBL868157,Inhibition of SARS CoV 3C-like protease,B,,,BAO_0000190,BAO_0000357,single protein format,CCCCN1C(=O)C(=O)c2cc(I)ccc21,,,CHEMBL1148529,J. Med. Chem.,2006,"{'bei': '12.70', 'le': '0.36', 'lle': '1.56', 'sei': '11.18'}",CHEMBL209287,,CHEMBL209287,4.18,False,http://www.openphacts.org/units/Nanomolar,491287,=,1,True,=,,IC50,nM,,66000.0,CHEMBL3927,SARS coronavirus,SARS coronavirus 3C-like proteinase,227859,,,IC50,uM,UO_0000065,,66.0
,1720279,[],CHEMBL868157,Inhibition of SARS CoV 3C-like protease,B,,,BAO_0000190,BAO_0000357,single protein format,NC(=O)c1ccc2c(c1)C(=O)C(=O)N2Cc1ccc2ccccc2c1,,,CHEMBL1148529,J. Med. Chem.,2006,"{'bei': '19.47', 'le': '0.35', 'lle': '3.76', 'sei': '7.99'}",CHEMBL358279,,CHEMBL358279,6.43,False,http://www.openphacts.org/units/Nanomolar,491306,=,1,True,=,,IC50,nM,,370.0,CHEMBL3927,SARS coronavirus,SARS coronavirus 3C-like proteinase,227859,,,IC50,uM,UO_0000065,,0.37
,1720280,[],CHEMBL868157,Inhibition of SARS CoV 3C-like protease,B,,,BAO_0000190,BAO_0000357,single protein format,NC(=O)c1ccc2c(c1)C(=O)C(=O)N2Cc1ccccc1,,,CHEMBL1148529,J. Med. Chem.,2006,"{'bei': '17.49', 'le': '0.32', 'lle': '3.39', 'sei': '6.09'}",CHEMBL348660,,CHEMBL348660,4.90,False,http://www.openphacts.org/units/Nanomolar,491304,=,1,True,=,,IC50,nM,,12500.0,CHEMBL3927,SARS coronavirus,SARS coronavirus 3C-like proteinase,227859,,,IC50,uM,UO_0000065,,12.5
,1720281,[],CHEMBL868157,Inhibition of SARS CoV 3C-like protease,B,,,BAO_0000190,BAO_0000357,single protein format,CCCCN1C(=O)C(=O)c2cc(C(N)=O)ccc21,,,CHEMBL1148529,J. Med. Chem.,2006,"{'bei': '19.17', 'le': '0.36', 'lle': '3.61', 'sei': '5.87'}",CHEMBL379727,,CHEMBL379727,4.72,False,http://www.openphacts.org/units/Nanomolar,491303,=,1,True,=,,IC50,nM,,19000.0,CHEMBL3927,SARS coronavirus,SARS coronavirus 3C-like proteinase,227859,,,IC50,uM,UO_0000065,,19.0
,1720282,[],CHEMBL868157,Inhibition of SARS CoV 3C-like protease,B,,,BAO_0000190,BAO_0000357,single protein format,CCCN1C(=O)C(=O)c2cc(C(N)=O)ccc21,,,CHEMBL1148529,J. Med. Chem.,2006,"{'bei': '19.82', 'le': '0.37', 'lle': '3.88', 'sei': '5.72'}",CHEMBL210525,,CHEMBL210525,4.60,False,http://www.openphacts.org/units/Nanomolar,491302,=,1,True,=,,IC50,nM,,25000.0,CHEMBL3927,SARS coronavirus,SARS coronavirus 3C-like proteinase,227859,,,IC50,uM,UO_0000065,,25.0
,1720283,[],CHEMBL868157,Inhibition of SARS CoV 3C-like protease,B,,,BAO_0000190,BAO_0000357,single protein format,CN1C(=O)C(=O)c2cc(C(N)=O)ccc21,,,CHEMBL1148529,J. Med. Chem.,2006,"{'bei': '20.32', 'le': '0.38', 'lle': '4.21', 'sei': '5.16'}",CHEMBL148483,,CHEMBL148483,4.15,False,http://www.openphacts.org/units/Nanomolar,491301,=,1,True,=,,IC50,nM,,71000.0,CHEMBL3927,SARS coronavirus,SARS coronavirus 3C-like proteinase,227859,,,IC50,uM,UO_0000065,,71.0
,1720284,[],CHEMBL868157,Inhibition of SARS CoV 3C-like protease,B,,,BAO_0000190,BAO_0000357,single protein format,O=C1C(=O)N(Cc2ccc3ccccc3c2)c2ccc(I)cc21,,,CHEMBL1148529,J. Med. Chem.,2006,"{'bei': '14.42', 'le': '0.35', 'lle': '1.79', 'sei': '15.94'}",CHEMBL383725,,CHEMBL383725,5.96,False,http://www.openphacts.org/units/Nanomolar,491289,=,1,True,=,,IC50,nM,,1100.0,CHEMBL3927,SARS coronavirus,SARS coronavirus 3C-like proteinase,227859,,,IC50,uM,UO_0000065,,1.1
,1720285,[],CHEMBL868157,Inhibition of SARS CoV 3C-like protease,B,,,BAO_0000190,BAO_0000357,single protein format,O=C1C(=O)N(Cc2ccccc2)c2ccc(I)cc21,,,CHEMBL1148529,J. Med. Chem.,2006,"{'bei': '11.84', 'le': '0.31', 'lle': '1.28', 'sei': '11.51'}",CHEMBL118596,,CHEMBL118596,4.30,False,http://www.openphacts.org/units/Nanomolar,491288,=,1,True,=,,IC50,nM,,50000.0,CHEMBL3927,SARS coronavirus,SARS coronavirus 3C-like proteinase,227859,,,IC50,uM,UO_0000065,,50.0
,1720621,[],CHEMBL871248,Inhibition of SARS coronavirus 3C-like protease,B,,,BAO_0000190,BAO_0000357,single protein format,O=C(CSc1nccc(-c2csc(-c3ccccc3)n2)n1)Nc1cc(Cl)cc(Cl)c1,Outside typical range,"Values for this activity type are unusually large/small, so may not be accurate",CHEMBL1148632,J. Med. Chem.,2006,,CHEMBL208732,,CHEMBL208732,,False,http://www.openphacts.org/units/Nanomolar,491910,=,1,True,=,,IC50,nM,,331131121482590.75,CHEMBL3927,SARS coronavirus,SARS coronavirus 3C-like proteinase,227859,,,Log IC50,,UO_0000065,,5.52
,1720622,[],CHEMBL871248,Inhibition of SARS coronavirus 3C-like protease,B,,,BAO_0000190,BAO_0000357,single protein format,O=C(CSc1nccc(-c2csc(-c3ccccc3)n2)n1)Nc1cc(Cl)cc(Cl)c1,,,CHEMBL1148632,J. Med. Chem.,2006,"{'bei': '11.67', 'le': '0.25', 'lle': '-0.78', 'sei': '8.15'}",CHEMBL208732,,CHEMBL208732,5.52,False,http://www.openphacts.org/units/Nanomolar,491910,=,1,True,=,,IC50,nM,,3000.0,CHEMBL3927,SARS coronavirus,SARS coronavirus 3C-like proteinase,227859,,,IC50,uM,UO_0000065,,3.0
,1720623,[],CHEMBL871248,Inhibition of SARS coronavirus 3C-like protease,B,,,BAO_0000190,BAO_0000357,single protein format,COc1cccc(-c2nc(SCC(=O)Nc3ccc([N+](=O)[O-])cc3)nc(O)c2C#N)c1,Outside typical range,"Values for this activity type are unusually large/small, so may not be accurate",CHEMBL1148632,J. Med. Chem.,2006,,CHEMBL210146,,CHEMBL210146,,False,http://www.openphacts.org/units/Nanomolar,491937,=,1,True,=,,IC50,nM,,3311311214825.91,CHEMBL3927,SARS coronavirus,SARS coronavirus 3C-like proteinase,227859,,,Log IC50,,UO_0000065,,3.52
,1720624,[],CHEMBL871248,Inhibition of SARS coronavirus 3C-like protease,B,,,BAO_0000190,BAO_0000357,single protein format,COc1cccc(-c2nc(SCC(=O)Nc3ccc([N+](=O)[O-])cc3)nc(O)c2C#N)c1,Outside typical range,"Values for this activity type are unusually large/small, so may not be accurate",CHEMBL1148632,J. Med. Chem.,2006,,CHEMBL210146,,CHEMBL210146,,False,http://www.openphacts.org/units/Nanomolar,491937,=,1,True,=,,IC50,nM,,300000.0,CHEMBL3927,SARS coronavirus,SARS coronavirus 3C-like proteinase,227859,,,IC50,uM,UO_0000065,,300.0
,1720625,[],CHEMBL871248,Inhibition of SARS coronavirus 3C-like protease,B,,,BAO_0000190,BAO_0000357,single protein format,CCOC(=O)c1cnc(SCC(=O)Nc2ccc([N+](=O)[O-])cc2)nc1N,Outside typical range,"Values for this activity type are unusually large/small, so may not be accurate",CHEMBL1148632,J. Med. Chem.,2006,,CHEMBL207458,,CHEMBL207458,,False,http://www.openphacts.org/units/Nanomolar,491936,=,1,True,=,,IC50,nM,,3981071705534.97,CHEMBL3927,SARS coronavirus,SARS coronavirus 3C-like proteinase,227859,,,Log IC50,,UO_0000065,,3.6
,1720626,[],CHEMBL871248,Inhibition of SARS coronavirus 3C-like protease,B,,,BAO_0000190,BAO_0000357,single protein format,CCOC(=O)c1cnc(SCC(=O)Nc2ccc([N+](=O)[O-])cc2)nc1N,Outside typical range,"Values for this activity type are unusually large/small, so may not be accurate",CHEMBL1148632,J. Med. Chem.,2006,,CHEMBL207458,,CHEMBL207458,,False,http://www.openphacts.org/units/Nanomolar,491936,=,1,True,=,,IC50,nM,,250000.0,CHEMBL3927,SARS coronavirus,SARS coronavirus 3C-like proteinase,227859,,,IC50,uM,UO_0000065,,250.0
,1720627,[],CHEMBL871248,Inhibition of SARS coronavirus 3C-like protease,B,,,BAO_0000190,BAO_0000357,single protein format,COC(OC)c1cc(O)nc(SCC(=O)Nc2ccc(C(F)(F)F)cc2)n1,Outside typical range,"Values for this activity type are unusually large/small, so may not be accurate",CHEMBL1148632,J. Med. Chem.,2006,,CHEMBL207484,,CHEMBL207484,,False,http://www.openphacts.org/units/Nanomolar,491935,=,1,True,=,,IC50,nM,,4897788193684.46,CHEMBL3927,SARS coronavirus,SARS coronavirus 3C-like proteinase,227859,,,Log IC50,,UO_0000065,,3.69
,1720628,[],CHEMBL871248,Inhibition of SARS coronavirus 3C-like protease,B,,,BAO_0000190,BAO_0000357,single protein format,COC(OC)c1cc(O)nc(SCC(=O)Nc2ccc(C(F)(F)F)cc2)n1,Outside typical range,"Values for this activity type are unusually large/small, so may not be accurate",CHEMBL1148632,J. Med. Chem.,2006,,CHEMBL207484,,CHEMBL207484,,False,http://www.openphacts.org/units/Nanomolar,491935,=,1,True,=,,IC50,nM,,200000.0,CHEMBL3927,SARS coronavirus,SARS coronavirus 3C-like proteinase,227859,,,IC50,uM,UO_0000065,,200.0
,1720629,[],CHEMBL871248,Inhibition of SARS coronavirus 3C-like protease,B,,,BAO_0000190,BAO_0000357,single protein format,Cc1cc(O)nc(SCC(=O)Nc2cc(Cl)ccc2Oc2ccccc2)n1,Outside typical range,"Values for this activity type are unusually large/small, so may not be accurate",CHEMBL1148632,J. Med. Chem.,2006,,CHEMBL207207,,CHEMBL207207,,False,http://www.openphacts.org/units/Nanomolar,491934,=,1,True,=,,IC50,nM,,10000000000000.0,CHEMBL3927,SARS coronavirus,SARS coronavirus 3C-like proteinase,227859,,,Log IC50,,UO_0000065,,4.0
,1720630,[],CHEMBL871248,Inhibition of SARS coronavirus 3C-like protease,B,,,BAO_0000190,BAO_0000357,single protein format,Cc1cc(O)nc(SCC(=O)Nc2cc(Cl)ccc2Oc2ccccc2)n1,,,CHEMBL1148632,J. Med. Chem.,2006,"{'bei': '9.95', 'le': '0.20', 'lle': '-0.67', 'sei': '4.74'}",CHEMBL207207,,CHEMBL207207,4.00,False,http://www.openphacts.org/units/Nanomolar,491934,=,1,True,=,,IC50,nM,,100000.0,CHEMBL3927,SARS coronavirus,SARS coronavirus 3C-like proteinase,227859,,,IC50,uM,UO_0000065,,100.0
,1720631,[],CHEMBL871248,Inhibition of SARS coronavirus 3C-like protease,B,,,BAO_0000190,BAO_0000357,single protein format,CCC(Sc1nc(O)c(C#N)c(-c2cccc(OC)c2)n1)C(=O)Nc1ccc(C(C)=O)cc1,Outside typical range,"Values for this activity type are unusually large/small, so may not be accurate",CHEMBL1148632,J. Med. Chem.,2006,,CHEMBL210487,,CHEMBL210487,,False,http://www.openphacts.org/units/Nanomolar,491933,=,1,True,=,,IC50,nM,,16595869074375.56,CHEMBL3927,SARS coronavirus,SARS coronavirus 3C-like proteinase,227859,,,Log IC50,,UO_0000065,,4.22
,1720632,[],CHEMBL871248,Inhibition of SARS coronavirus 3C-like protease,B,,,BAO_0000190,BAO_0000357,single protein format,CCC(Sc1nc(O)c(C#N)c(-c2cccc(OC)c2)n1)C(=O)Nc1ccc(C(C)=O)cc1,,,CHEMBL1148632,J. Med. Chem.,2006,"{'bei': '9.13', 'le': '0.17', 'lle': '-0.22', 'sei': '3.37'}",CHEMBL210487,,CHEMBL210487,4.22,False,http://www.openphacts.org/units/Nanomolar,491933,=,1,True,=,,IC50,nM,,60000.0,CHEMBL3927,SARS coronavirus,SARS coronavirus 3C-like proteinase,227859,,,IC50,uM,UO_0000065,,60.0
,1720633,[],CHEMBL871248,Inhibition of SARS coronavirus 3C-like protease,B,,,BAO_0000190,BAO_0000357,single protein format,COc1ccc(NC(=O)CSc2nc(O)cc(-c3ccccc3)n2)cc1OC,Outside typical range,"Values for this activity type are unusually large/small, so may not be accurate",CHEMBL1148632,J. Med. Chem.,2006,,CHEMBL380470,,CHEMBL380470,,False,http://www.openphacts.org/units/Nanomolar,491932,=,1,True,=,,IC50,nM,,21877616239495.52,CHEMBL3927,SARS coronavirus,SARS coronavirus 3C-like proteinase,227859,,,Log IC50,,UO_0000065,,4.34
,1720634,[],CHEMBL871248,Inhibition of SARS coronavirus 3C-like protease,B,,,BAO_0000190,BAO_0000357,single protein format,COc1ccc(NC(=O)CSc2nc(O)cc(-c3ccccc3)n2)cc1OC,,,CHEMBL1148632,J. Med. Chem.,2006,"{'bei': '10.94', 'le': '0.21', 'lle': '0.75', 'sei': '4.65'}",CHEMBL380470,,CHEMBL380470,4.35,False,http://www.openphacts.org/units/Nanomolar,491932,=,1,True,=,,IC50,nM,,45000.0,CHEMBL3927,SARS coronavirus,SARS coronavirus 3C-like proteinase,227859,,,IC50,uM,UO_0000065,,45.0
,1720635,[],CHEMBL871248,Inhibition of SARS coronavirus 3C-like protease,B,,,BAO_0000190,BAO_0000357,single protein format,CC(C)c1ccc(NC(=O)CSc2nccc(-c3cccs3)n2)cc1,Outside typical range,"Values for this activity type are unusually large/small, so may not be accurate",CHEMBL1148632,J. Med. Chem.,2006,,CHEMBL210612,,CHEMBL210612,,False,http://www.openphacts.org/units/Nanomolar,491931,=,1,True,=,,IC50,nM,,24547089156850.34,CHEMBL3927,SARS coronavirus,SARS coronavirus 3C-like proteinase,227859,,,Log IC50,,UO_0000065,,4.39
,1720636,[],CHEMBL871248,Inhibition of SARS coronavirus 3C-like protease,B,,,BAO_0000190,BAO_0000357,single protein format,CC(C)c1ccc(NC(=O)CSc2nccc(-c3cccs3)n2)cc1,,,CHEMBL1148632,J. Med. Chem.,2006,"{'bei': '11.90', 'le': '0.24', 'lle': '-0.66', 'sei': '8.01'}",CHEMBL210612,,CHEMBL210612,4.40,False,http://www.openphacts.org/units/Nanomolar,491931,=,1,True,=,,IC50,nM,,40000.0,CHEMBL3927,SARS coronavirus,SARS coronavirus 3C-like proteinase,227859,,,IC50,uM,UO_0000065,,40.0
,1720637,[],CHEMBL871248,Inhibition of SARS coronavirus 3C-like protease,B,,,BAO_0000190,BAO_0000357,single protein format,O=C(CSc1nccc(-c2cc(-c3ccccc3Cl)no2)n1)Nc1ccc(Cl)cc1,Outside typical range,"Values for this activity type are unusually large/small, so may not be accurate",CHEMBL1148632,J. Med. Chem.,2006,,CHEMBL209667,,CHEMBL209667,,False,http://www.openphacts.org/units/Nanomolar,491930,=,1,True,=,,IC50,nM,,66069344800759.64,CHEMBL3927,SARS coronavirus,SARS coronavirus 3C-like proteinase,227859,,,Log IC50,,UO_0000065,,4.82
,1720638,[],CHEMBL871248,Inhibition of SARS coronavirus 3C-like protease,B,,,BAO_0000190,BAO_0000357,single protein format,O=C(CSc1nccc(-c2cc(-c3ccccc3Cl)no2)n1)Nc1ccc(Cl)cc1,,,CHEMBL1148632,J. Med. Chem.,2006,"{'bei': '10.55', 'le': '0.22', 'lle': '-1.02', 'sei': '5.96'}",CHEMBL209667,,CHEMBL209667,4.82,False,http://www.openphacts.org/units/Nanomolar,491930,=,1,True,=,,IC50,nM,,15000.0,CHEMBL3927,SARS coronavirus,SARS coronavirus 3C-like proteinase,227859,,,IC50,uM,UO_0000065,,15.0
,1720639,[],CHEMBL871248,Inhibition of SARS coronavirus 3C-like protease,B,,,BAO_0000190,BAO_0000357,single protein format,O=C(CSc1nccc(-c2cc(-c3ccc(Cl)cc3Cl)no2)n1)Nc1ccc(C(F)(F)F)cc1,Outside typical range,"Values for this activity type are unusually large/small, so may not be accurate",CHEMBL1148632,J. Med. Chem.,2006,,CHEMBL210097,,CHEMBL210097,,False,http://www.openphacts.org/units/Nanomolar,491929,=,1,True,=,,IC50,nM,,66069344800759.64,CHEMBL3927,SARS coronavirus,SARS coronavirus 3C-like proteinase,227859,,,Log IC50,,UO_0000065,,4.82
,1720640,[],CHEMBL871248,Inhibition of SARS coronavirus 3C-like protease,B,,,BAO_0000190,BAO_0000357,single protein format,O=C(CSc1nccc(-c2cc(-c3ccc(Cl)cc3Cl)no2)n1)Nc1ccc(C(F)(F)F)cc1,,,CHEMBL1148632,J. Med. Chem.,2006,"{'bei': '9.18', 'le': '0.19', 'lle': '-2.04', 'sei': '5.96'}",CHEMBL210097,,CHEMBL210097,4.82,False,http://www.openphacts.org/units/Nanomolar,491929,=,1,True,=,,IC50,nM,,15000.0,CHEMBL3927,SARS coronavirus,SARS coronavirus 3C-like proteinase,227859,,,IC50,uM,UO_0000065,,15.0
,1720641,[],CHEMBL871248,Inhibition of SARS coronavirus 3C-like protease,B,,,BAO_0000190,BAO_0000357,single protein format,CSc1sc(-c2nc(C)cs2)c(C)c1-c1ccnc(SCC(=O)Nc2ccccc2Cl)n1,Outside typical range,"Values for this activity type are unusually large/small, so may not be accurate",CHEMBL1148632,J. Med. Chem.,2006,,CHEMBL378674,,CHEMBL378674,,False,http://www.openphacts.org/units/Nanomolar,491928,=,1,True,=,,IC50,nM,,83176377110267.1,CHEMBL3927,SARS coronavirus,SARS coronavirus 3C-like proteinase,227859,,,Log IC50,,UO_0000065,,4.92
,1720642,[],CHEMBL871248,Inhibition of SARS coronavirus 3C-like protease,B,,,BAO_0000190,BAO_0000357,single protein format,CSc1sc(-c2nc(C)cs2)c(C)c1-c1ccnc(SCC(=O)Nc2ccccc2Cl)n1,,,CHEMBL1148632,J. Med. Chem.,2006,"{'bei': '9.48', 'le': '0.21', 'lle': '-2.13', 'sei': '7.26'}",CHEMBL378674,,CHEMBL378674,4.92,False,http://www.openphacts.org/units/Nanomolar,491928,=,1,True,=,,IC50,nM,,12000.0,CHEMBL3927,SARS coronavirus,SARS coronavirus 3C-like proteinase,227859,,,IC50,uM,UO_0000065,,12.0
,1720643,[],CHEMBL871248,Inhibition of SARS coronavirus 3C-like protease,B,,,BAO_0000190,BAO_0000357,single protein format,Cc1nc(SCC(=O)Nc2ccc([N+](=O)[O-])cc2)nc(O)c1C,Outside typical range,"Values for this activity type are unusually large/small, so may not be accurate",CHEMBL1148632,J. Med. Chem.,2006,,CHEMBL210216,,CHEMBL210216,,False,http://www.openphacts.org/units/Nanomolar,491927,<,1,True,<,,IC50,nM,,1000000000000.0,CHEMBL3927,SARS coronavirus,SARS coronavirus 3C-like proteinase,227859,,,Log IC50,,UO_0000065,,3.0
,1720644,[],CHEMBL871248,Inhibition of SARS coronavirus 3C-like protease,B,,,BAO_0000190,BAO_0000357,single protein format,Cc1nc(SCC(=O)Nc2ccc([N+](=O)[O-])cc2)nc(O)c1C,Outside typical range,"Values for this activity type are unusually large/small, so may not be accurate",CHEMBL1148632,J. Med. Chem.,2006,,CHEMBL210216,,CHEMBL210216,,False,http://www.openphacts.org/units/Nanomolar,491927,>,1,True,>,,IC50,nM,,1000000.0,CHEMBL3927,SARS coronavirus,SARS coronavirus 3C-like proteinase,227859,,,IC50,uM,UO_0000065,,1000.0
,1720645,[],CHEMBL871248,Inhibition of SARS coronavirus 3C-like protease,B,,,BAO_0000190,BAO_0000357,single protein format,Cc1cc(C(F)(F)F)nc(SCC(=O)Nc2ccc(Cl)cc2F)n1,Outside typical range,"Values for this activity type are unusually large/small, so may not be accurate",CHEMBL1148632,J. Med. Chem.,2006,,CHEMBL210195,,CHEMBL210195,,False,http://www.openphacts.org/units/Nanomolar,491926,=,1,True,=,,IC50,nM,,1995262314968.88,CHEMBL3927,SARS coronavirus,SARS coronavirus 3C-like proteinase,227859,,,Log IC50,,UO_0000065,,3.3
,1720646,[],CHEMBL871248,Inhibition of SARS coronavirus 3C-like protease,B,,,BAO_0000190,BAO_0000357,single protein format,Cc1cc(C(F)(F)F)nc(SCC(=O)Nc2ccc(Cl)cc2F)n1,Outside typical range,"Values for this activity type are unusually large/small, so may not be accurate",CHEMBL1148632,J. Med. Chem.,2006,,CHEMBL210195,,CHEMBL210195,,False,http://www.openphacts.org/units/Nanomolar,491926,=,1,True,=,,IC50,nM,,500000.0,CHEMBL3927,SARS coronavirus,SARS coronavirus 3C-like proteinase,227859,,,IC50,uM,UO_0000065,,500.0
,1720647,[],CHEMBL871248,Inhibition of SARS coronavirus 3C-like protease,B,,,BAO_0000190,BAO_0000357,single protein format,COc1ccc(-c2ccnc(SCC(=O)Nc3ccc(C(C)C)cc3)n2)cc1,Outside typical range,"Values for this activity type are unusually large/small, so may not be accurate",CHEMBL1148632,J. Med. Chem.,2006,,CHEMBL210437,,CHEMBL210437,,False,http://www.openphacts.org/units/Nanomolar,491925,=,1,True,=,,IC50,nM,,2454708915685.03,CHEMBL3927,SARS coronavirus,SARS coronavirus 3C-like proteinase,227859,,,Log IC50,,UO_0000065,,3.39
,1720648,[],CHEMBL871248,Inhibition of SARS coronavirus 3C-like protease,B,,,BAO_0000190,BAO_0000357,single protein format,COc1ccc(-c2ccnc(SCC(=O)Nc3ccc(C(C)C)cc3)n2)cc1,Outside typical range,"Values for this activity type are unusually large/small, so may not be accurate",CHEMBL1148632,J. Med. Chem.,2006,,CHEMBL210437,,CHEMBL210437,,False,http://www.openphacts.org/units/Nanomolar,491925,=,1,True,=,,IC50,nM,,400000.0,CHEMBL3927,SARS coronavirus,SARS coronavirus 3C-like proteinase,227859,,,IC50,uM,UO_0000065,,400.0
,1720649,[],CHEMBL871248,Inhibition of SARS coronavirus 3C-like protease,B,,,BAO_0000190,BAO_0000357,single protein format,CC(C)(C)c1ccc(NC(=O)CSc2nc(O)c(C#N)c(C3CCCCC3)n2)cc1,Outside typical range,"Values for this activity type are unusually large/small, so may not be accurate",CHEMBL1148632,J. Med. Chem.,2006,,CHEMBL378677,,CHEMBL378677,,False,http://www.openphacts.org/units/Nanomolar,491924,=,1,True,=,,IC50,nM,,2818382931264.45,CHEMBL3927,SARS coronavirus,SARS coronavirus 3C-like proteinase,227859,,,Log IC50,,UO_0000065,,3.45
,1720650,[],CHEMBL871248,Inhibition of SARS coronavirus 3C-like protease,B,,,BAO_0000190,BAO_0000357,single protein format,CC(C)(C)c1ccc(NC(=O)CSc2nc(O)c(C#N)c(C3CCCCC3)n2)cc1,Outside typical range,"Values for this activity type are unusually large/small, so may not be accurate",CHEMBL1148632,J. Med. Chem.,2006,,CHEMBL378677,,CHEMBL378677,,False,http://www.openphacts.org/units/Nanomolar,491924,=,1,True,=,,IC50,nM,,350000.0,CHEMBL3927,SARS coronavirus,SARS coronavirus 3C-like proteinase,227859,,,IC50,uM,UO_0000065,,350.0
,1720651,[],CHEMBL871248,Inhibition of SARS coronavirus 3C-like protease,B,,,BAO_0000190,BAO_0000357,single protein format,CC(Sc1nc(O)c(C#N)c(-c2ccccc2)n1)C(=O)Nc1ccc(Cl)cc1,Outside typical range,"Values for this activity type are unusually large/small, so may not be accurate",CHEMBL1148632,J. Med. Chem.,2006,,CHEMBL210972,,CHEMBL210972,,False,http://www.openphacts.org/units/Nanomolar,491923,=,1,True,=,,IC50,nM,,3311311214825.91,CHEMBL3927,SARS coronavirus,SARS coronavirus 3C-like proteinase,227859,,,Log IC50,,UO_0000065,,3.52
,1720652,[],CHEMBL871248,Inhibition of SARS coronavirus 3C-like protease,B,,,BAO_0000190,BAO_0000357,single protein format,CC(Sc1nc(O)c(C#N)c(-c2ccccc2)n1)C(=O)Nc1ccc(Cl)cc1,Outside typical range,"Values for this activity type are unusually large/small, so may not be accurate",CHEMBL1148632,J. Med. Chem.,2006,,CHEMBL210972,,CHEMBL210972,,False,http://www.openphacts.org/units/Nanomolar,491923,=,1,True,=,,IC50,nM,,300000.0,CHEMBL3927,SARS coronavirus,SARS coronavirus 3C-like proteinase,227859,,,IC50,uM,UO_0000065,,300.0
,1720653,[],CHEMBL871248,Inhibition of SARS coronavirus 3C-like protease,B,,,BAO_0000190,BAO_0000357,single protein format,CCOc1ccc(N2C(=O)CC(Sc3nc(C)cc(C)n3)C2=O)cc1,Outside typical range,"Values for this activity type are unusually large/small, so may not be accurate",CHEMBL1148632,J. Med. Chem.,2006,,CHEMBL210145,,CHEMBL210145,,False,http://www.openphacts.org/units/Nanomolar,491922,=,1,True,=,,IC50,nM,,3311311214825.91,CHEMBL3927,SARS coronavirus,SARS coronavirus 3C-like proteinase,227859,,,Log IC50,,UO_0000065,,3.52
,1720654,[],CHEMBL871248,Inhibition of SARS coronavirus 3C-like protease,B,,,BAO_0000190,BAO_0000357,single protein format,CCOc1ccc(N2C(=O)CC(Sc3nc(C)cc(C)n3)C2=O)cc1,Outside typical range,"Values for this activity type are unusually large/small, so may not be accurate",CHEMBL1148632,J. Med. Chem.,2006,,CHEMBL210145,,CHEMBL210145,,False,http://www.openphacts.org/units/Nanomolar,491922,=,1,True,=,,IC50,nM,,300000.0,CHEMBL3927,SARS coronavirus,SARS coronavirus 3C-like proteinase,227859,,,IC50,uM,UO_0000065,,300.0
,1720655,[],CHEMBL871248,Inhibition of SARS coronavirus 3C-like protease,B,,,BAO_0000190,BAO_0000357,single protein format,N#Cc1c(O)nc(SCC(=O)Nc2cccc(C(F)(F)F)c2)nc1-c1ccccc1,Outside typical range,"Values for this activity type are unusually large/small, so may not be accurate",CHEMBL1148632,J. Med. Chem.,2006,,CHEMBL377225,,CHEMBL377225,,False,http://www.openphacts.org/units/Nanomolar,491921,=,1,True,=,,IC50,nM,,4897788193684.46,CHEMBL3927,SARS coronavirus,SARS coronavirus 3C-like proteinase,227859,,,Log IC50,,UO_0000065,,3.69
,1720656,[],CHEMBL871248,Inhibition of SARS coronavirus 3C-like protease,B,,,BAO_0000190,BAO_0000357,single protein format,N#Cc1c(O)nc(SCC(=O)Nc2cccc(C(F)(F)F)c2)nc1-c1ccccc1,Outside typical range,"Values for this activity type are unusually large/small, so may not be accurate",CHEMBL1148632,J. Med. Chem.,2006,,CHEMBL377225,,CHEMBL377225,,False,http://www.openphacts.org/units/Nanomolar,491921,=,1,True,=,,IC50,nM,,200000.0,CHEMBL3927,SARS coronavirus,SARS coronavirus 3C-like proteinase,227859,,,IC50,uM,UO_0000065,,200.0
,1720657,[],CHEMBL871248,Inhibition of SARS coronavirus 3C-like protease,B,,,BAO_0000190,BAO_0000357,single protein format,CCCCc1ccc(NC(=O)CSc2nc(O)c(C#N)c(C3CCCCC3)n2)c(C)c1,Outside typical range,"Values for this activity type are unusually large/small, so may not be accurate",CHEMBL1148632,J. Med. Chem.,2006,,CHEMBL210823,,CHEMBL210823,,False,http://www.openphacts.org/units/Nanomolar,491920,=,1,True,=,,IC50,nM,,4897788193684.46,CHEMBL3927,SARS coronavirus,SARS coronavirus 3C-like proteinase,227859,,,Log IC50,,UO_0000065,,3.69
,1720658,[],CHEMBL871248,Inhibition of SARS coronavirus 3C-like protease,B,,,BAO_0000190,BAO_0000357,single protein format,CCCCc1ccc(NC(=O)CSc2nc(O)c(C#N)c(C3CCCCC3)n2)c(C)c1,Outside typical range,"Values for this activity type are unusually large/small, so may not be accurate",CHEMBL1148632,J. Med. Chem.,2006,,CHEMBL210823,,CHEMBL210823,,False,http://www.openphacts.org/units/Nanomolar,491920,=,1,True,=,,IC50,nM,,200000.0,CHEMBL3927,SARS coronavirus,SARS coronavirus 3C-like proteinase,227859,,,IC50,uM,UO_0000065,,200.0
,1720659,[],CHEMBL871248,Inhibition of SARS coronavirus 3C-like protease,B,,,BAO_0000190,BAO_0000357,single protein format,CC(C)c1ccc(NC(=O)CSc2nccc(-c3csc(COc4ccccc4Cl)n3)n2)cc1,Outside typical range,"Values for this activity type are unusually large/small, so may not be accurate",CHEMBL1148632,J. Med. Chem.,2006,,CHEMBL207381,,CHEMBL207381,,False,http://www.openphacts.org/units/Nanomolar,491919,=,1,True,=,,IC50,nM,,4897788193684.46,CHEMBL3927,SARS coronavirus,SARS coronavirus 3C-like proteinase,227859,,,Log IC50,,UO_0000065,,3.69
,1720660,[],CHEMBL871248,Inhibition of SARS coronavirus 3C-like protease,B,,,BAO_0000190,BAO_0000357,single protein format,CC(C)c1ccc(NC(=O)CSc2nccc(-c3csc(COc4ccccc4Cl)n3)n2)cc1,Outside typical range,"Values for this activity type are unusually large/small, so may not be accurate",CHEMBL1148632,J. Med. Chem.,2006,,CHEMBL207381,,CHEMBL207381,,False,http://www.openphacts.org/units/Nanomolar,491919,=,1,True,=,,IC50,nM,,200000.0,CHEMBL3927,SARS coronavirus,SARS coronavirus 3C-like proteinase,227859,,,IC50,uM,UO_0000065,,200.0
,1720661,[],CHEMBL871248,Inhibition of SARS coronavirus 3C-like protease,B,,,BAO_0000190,BAO_0000357,single protein format,Cc1cc(O)nc(SCC(=O)Nc2ccc(Oc3ccc(Cl)cc3)cc2)n1,Outside typical range,"Values for this activity type are unusually large/small, so may not be accurate",CHEMBL1148632,J. Med. Chem.,2006,,CHEMBL210511,,CHEMBL210511,,False,http://www.openphacts.org/units/Nanomolar,491918,=,1,True,=,,IC50,nM,,4897788193684.46,CHEMBL3927,SARS coronavirus,SARS coronavirus 3C-like proteinase,227859,,,Log IC50,,UO_0000065,,3.69
,1720662,[],CHEMBL871248,Inhibition of SARS coronavirus 3C-like protease,B,,,BAO_0000190,BAO_0000357,single protein format,Cc1cc(O)nc(SCC(=O)Nc2ccc(Oc3ccc(Cl)cc3)cc2)n1,Outside typical range,"Values for this activity type are unusually large/small, so may not be accurate",CHEMBL1148632,J. Med. Chem.,2006,,CHEMBL210511,,CHEMBL210511,,False,http://www.openphacts.org/units/Nanomolar,491918,=,1,True,=,,IC50,nM,,200000.0,CHEMBL3927,SARS coronavirus,SARS coronavirus 3C-like proteinase,227859,,,IC50,uM,UO_0000065,,200.0
,1720663,[],CHEMBL871248,Inhibition of SARS coronavirus 3C-like protease,B,,,BAO_0000190,BAO_0000357,single protein format,COc1cccc(-c2nc(SCC(=O)Nc3ccc(C(C)=O)cc3)nc(O)c2C#N)c1,Outside typical range,"Values for this activity type are unusually large/small, so may not be accurate",CHEMBL1148632,J. Med. Chem.,2006,,CHEMBL210632,,CHEMBL210632,,False,http://www.openphacts.org/units/Nanomolar,491917,=,1,True,=,,IC50,nM,,16595869074375.56,CHEMBL3927,SARS coronavirus,SARS coronavirus 3C-like proteinase,227859,,,Log IC50,,UO_0000065,,4.22
,1720664,[],CHEMBL871248,Inhibition of SARS coronavirus 3C-like protease,B,,,BAO_0000190,BAO_0000357,single protein format,COc1cccc(-c2nc(SCC(=O)Nc3ccc(C(C)=O)cc3)nc(O)c2C#N)c1,,,CHEMBL1148632,J. Med. Chem.,2006,"{'bei': '9.72', 'le': '0.19', 'lle': '0.56', 'sei': '3.37'}",CHEMBL210632,,CHEMBL210632,4.22,False,http://www.openphacts.org/units/Nanomolar,491917,=,1,True,=,,IC50,nM,,60000.0,CHEMBL3927,SARS coronavirus,SARS coronavirus 3C-like proteinase,227859,,,IC50,uM,UO_0000065,,60.0
,1720665,[],CHEMBL871248,Inhibition of SARS coronavirus 3C-like protease,B,,,BAO_0000190,BAO_0000357,single protein format,COc1cccc(-c2nc(SCC(=O)Nc3ccc(S(N)(=O)=O)cc3)nc(O)c2C#N)c1,Outside typical range,"Values for this activity type are unusually large/small, so may not be accurate",CHEMBL1148632,J. Med. Chem.,2006,,CHEMBL210497,,CHEMBL210497,,False,http://www.openphacts.org/units/Nanomolar,491916,=,1,True,=,,IC50,nM,,24547089156850.34,CHEMBL3927,SARS coronavirus,SARS coronavirus 3C-like proteinase,227859,,,Log IC50,,UO_0000065,,4.39
,1720666,[],CHEMBL871248,Inhibition of SARS coronavirus 3C-like protease,B,,,BAO_0000190,BAO_0000357,single protein format,COc1cccc(-c2nc(SCC(=O)Nc3ccc(S(N)(=O)=O)cc3)nc(O)c2C#N)c1,,,CHEMBL1148632,J. Med. Chem.,2006,"{'bei': '9.33', 'le': '0.19', 'lle': '2.29', 'sei': '2.61'}",CHEMBL210497,,CHEMBL210497,4.40,False,http://www.openphacts.org/units/Nanomolar,491916,=,1,True,=,,IC50,nM,,40000.0,CHEMBL3927,SARS coronavirus,SARS coronavirus 3C-like proteinase,227859,,,IC50,uM,UO_0000065,,40.0
,1720667,[],CHEMBL871248,Inhibition of SARS coronavirus 3C-like protease,B,,,BAO_0000190,BAO_0000357,single protein format,CCCc1cc(O)nc(SCC(=O)Nc2ccc(Cl)cc2)n1,Outside typical range,"Values for this activity type are unusually large/small, so may not be accurate",CHEMBL1148632,J. Med. Chem.,2006,,CHEMBL208584,,CHEMBL208584,,False,http://www.openphacts.org/units/Nanomolar,491915,=,1,True,=,,IC50,nM,,33113112148259.08,CHEMBL3927,SARS coronavirus,SARS coronavirus 3C-like proteinase,227859,,,Log IC50,,UO_0000065,,4.52
,1720668,[],CHEMBL871248,Inhibition of SARS coronavirus 3C-like protease,B,,,BAO_0000190,BAO_0000357,single protein format,CCCc1cc(O)nc(SCC(=O)Nc2ccc(Cl)cc2)n1,,,CHEMBL1148632,J. Med. Chem.,2006,"{'bei': '13.39', 'le': '0.28', 'lle': '1.00', 'sei': '6.02'}",CHEMBL208584,,CHEMBL208584,4.52,False,http://www.openphacts.org/units/Nanomolar,491915,=,1,True,=,,IC50,nM,,30000.0,CHEMBL3927,SARS coronavirus,SARS coronavirus 3C-like proteinase,227859,,,IC50,uM,UO_0000065,,30.0
,1720669,[],CHEMBL871248,Inhibition of SARS coronavirus 3C-like protease,B,,,BAO_0000190,BAO_0000357,single protein format,O=C(CSc1nccc(-c2cc(-c3ccccc3)no2)n1)Nc1ccc(Cl)cc1,Outside typical range,"Values for this activity type are unusually large/small, so may not be accurate",CHEMBL1148632,J. Med. Chem.,2006,,CHEMBL208763,,CHEMBL208763,,False,http://www.openphacts.org/units/Nanomolar,491914,=,1,True,=,,IC50,nM,,66069344800759.64,CHEMBL3927,SARS coronavirus,SARS coronavirus 3C-like proteinase,227859,,,Log IC50,,UO_0000065,,4.82
,1720670,[],CHEMBL871248,Inhibition of SARS coronavirus 3C-like protease,B,,,BAO_0000190,BAO_0000357,single protein format,O=C(CSc1nccc(-c2cc(-c3ccccc3)no2)n1)Nc1ccc(Cl)cc1,,,CHEMBL1148632,J. Med. Chem.,2006,"{'bei': '11.41', 'le': '0.23', 'lle': '-0.36', 'sei': '5.96'}",CHEMBL208763,,CHEMBL208763,4.82,False,http://www.openphacts.org/units/Nanomolar,491914,=,1,True,=,,IC50,nM,,15000.0,CHEMBL3927,SARS coronavirus,SARS coronavirus 3C-like proteinase,227859,,,IC50,uM,UO_0000065,,15.0
,1720671,[],CHEMBL871248,Inhibition of SARS coronavirus 3C-like protease,B,,,BAO_0000190,BAO_0000357,single protein format,Cc1nc(-c2nc(-c3ccnc(SCC(=O)Nc4ccc(Cl)cc4)n3)cs2)cs1,Outside typical range,"Values for this activity type are unusually large/small, so may not be accurate",CHEMBL1148632,J. Med. Chem.,2006,,CHEMBL209227,,CHEMBL209227,,False,http://www.openphacts.org/units/Nanomolar,491913,=,1,True,=,,IC50,nM,,70794578438413.73,CHEMBL3927,SARS coronavirus,SARS coronavirus 3C-like proteinase,227859,,,Log IC50,,UO_0000065,,4.85
,1720672,[],CHEMBL871248,Inhibition of SARS coronavirus 3C-like protease,B,,,BAO_0000190,BAO_0000357,single protein format,Cc1nc(-c2nc(-c3ccnc(SCC(=O)Nc4ccc(Cl)cc4)n3)cs2)cs1,,,CHEMBL1148632,J. Med. Chem.,2006,"{'bei': '10.55', 'le': '0.23', 'lle': '-0.57', 'sei': '6.02'}",CHEMBL209227,,CHEMBL209227,4.85,False,http://www.openphacts.org/units/Nanomolar,491913,=,1,True,=,,IC50,nM,,14000.0,CHEMBL3927,SARS coronavirus,SARS coronavirus 3C-like proteinase,227859,,,IC50,uM,UO_0000065,,14.0
,1720673,[],CHEMBL871248,Inhibition of SARS coronavirus 3C-like protease,B,,,BAO_0000190,BAO_0000357,single protein format,CSc1sc(-c2nc(C)cs2)c(C)c1-c1ccnc(SCC(=O)Nc2ccc(Cl)cc2)n1,Outside typical range,"Values for this activity type are unusually large/small, so may not be accurate",CHEMBL1148632,J. Med. Chem.,2006,,CHEMBL210092,,CHEMBL210092,,False,http://www.openphacts.org/units/Nanomolar,491912,=,1,True,=,,IC50,nM,,89125093813374.4,CHEMBL3927,SARS coronavirus,SARS coronavirus 3C-like proteinase,227859,,,Log IC50,,UO_0000065,,4.95
,1720674,[],CHEMBL871248,Inhibition of SARS coronavirus 3C-like protease,B,,,BAO_0000190,BAO_0000357,single protein format,CSc1sc(-c2nc(C)cs2)c(C)c1-c1ccnc(SCC(=O)Nc2ccc(Cl)cc2)n1,,,CHEMBL1148632,J. Med. Chem.,2006,"{'bei': '9.55', 'le': '0.21', 'lle': '-2.09', 'sei': '7.32'}",CHEMBL210092,,CHEMBL210092,4.96,False,http://www.openphacts.org/units/Nanomolar,491912,=,1,True,=,,IC50,nM,,11000.0,CHEMBL3927,SARS coronavirus,SARS coronavirus 3C-like proteinase,227859,,,IC50,uM,UO_0000065,,11.0
,1720675,[],CHEMBL871248,Inhibition of SARS coronavirus 3C-like protease,B,,,BAO_0000190,BAO_0000357,single protein format,Cn1nc(-c2ccc(-c3ccnc(SCC(=O)Nc4ccc(Cl)cc4)n3)s2)cc1C(F)(F)F,Outside typical range,"Values for this activity type are unusually large/small, so may not be accurate",CHEMBL1148632,J. Med. Chem.,2006,,CHEMBL377150,,CHEMBL377150,,False,http://www.openphacts.org/units/Nanomolar,491911,=,1,True,=,,IC50,nM,,100000000000000.0,CHEMBL3927,SARS coronavirus,SARS coronavirus 3C-like proteinase,227859,,,Log IC50,,UO_0000065,,5.0
,1720676,[],CHEMBL871248,Inhibition of SARS coronavirus 3C-like protease,B,,,BAO_0000190,BAO_0000357,single protein format,Cn1nc(-c2ccc(-c3ccnc(SCC(=O)Nc4ccc(Cl)cc4)n3)s2)cc1C(F)(F)F,,,CHEMBL1148632,J. Med. Chem.,2006,"{'bei': '9.80', 'le': '0.21', 'lle': '-1.01', 'sei': '6.88'}",CHEMBL377150,,CHEMBL377150,5.00,False,http://www.openphacts.org/units/Nanomolar,491911,=,1,True,=,,IC50,nM,,10000.0,CHEMBL3927,SARS coronavirus,SARS coronavirus 3C-like proteinase,227859,,,IC50,uM,UO_0000065,,10.0
,1750381,[],CHEMBL854506,Inhibition of SARS coronavirus main protease,B,,,BAO_0000190,BAO_0000357,single protein format,O=C(Oc1ccc(S(=O)(=O)c2ccc(OC(=O)C(Cl)=C(Cl)Cl)cc2)cc1)C(Cl)=C(Cl)Cl,,,CHEMBL1145342,J. Med. Chem.,2006,"{'bei': '10.70', 'le': '0.27', 'lle': '-0.05', 'sei': '6.97'}",CHEMBL212454,,CHEMBL212454,6.05,False,http://www.openphacts.org/units/Nanomolar,534140,=,1,True,=,,IC50,nM,,900.0,CHEMBL3927,SARS coronavirus,SARS coronavirus 3C-like proteinase,227859,,,IC50,uM,UO_0000065,,0.9
,1750383,[],CHEMBL854506,Inhibition of SARS coronavirus main protease,B,,,BAO_0000190,BAO_0000357,single protein format,Nc1ncc(S(=O)(=O)c2ccc(Cl)cc2)c(N)n1,,,CHEMBL1145342,J. Med. Chem.,2006,"{'bei': '18.34', 'le': '0.40', 'lle': '4.09', 'sei': '4.66'}",CHEMBL213581,,CHEMBL213581,5.22,False,http://www.openphacts.org/units/Nanomolar,534141,=,1,True,=,,IC50,nM,,6000.0,CHEMBL3927,SARS coronavirus,SARS coronavirus 3C-like proteinase,227859,,,IC50,uM,UO_0000065,,6.0
,1750385,[],CHEMBL854506,Inhibition of SARS coronavirus main protease,B,,,BAO_0000190,BAO_0000357,single protein format,O=[N+]([O-])c1cc(C(F)(F)F)ccc1S(=O)(=O)c1ccc(Cl)cc1,,,CHEMBL1145342,J. Med. Chem.,2006,"{'bei': '13.46', 'le': '0.29', 'lle': '0.82', 'sei': '6.37'}",CHEMBL380403,,CHEMBL380403,4.92,False,http://www.openphacts.org/units/Nanomolar,534142,=,1,True,=,,IC50,nM,,12000.0,CHEMBL3927,SARS coronavirus,SARS coronavirus 3C-like proteinase,227859,,,IC50,uM,UO_0000065,,12.0
,1750387,[],CHEMBL854506,Inhibition of SARS coronavirus main protease,B,,,BAO_0000190,BAO_0000357,single protein format,Cc1nc(S(=O)(=O)c2ccccc2)c(C#N)c(C)c1[N+](=O)[O-],,,CHEMBL1145342,J. Med. Chem.,2006,"{'bei': '15.40', 'le': '0.30', 'lle': '2.58', 'sei': '4.29'}",CHEMBL212504,,CHEMBL212504,4.89,False,http://www.openphacts.org/units/Nanomolar,534143,=,1,True,=,,IC50,nM,,13000.0,CHEMBL3927,SARS coronavirus,SARS coronavirus 3C-like proteinase,227859,,,IC50,uM,UO_0000065,,13.0
,1750389,[],CHEMBL854506,Inhibition of SARS coronavirus main protease,B,,,BAO_0000190,BAO_0000357,single protein format,Cc1ccc(S(=O)(=O)c2nc(C)c([N+](=O)[O-])c(C)c2C#N)cc1,,,CHEMBL1145342,J. Med. Chem.,2006,"{'bei': '14.75', 'le': '0.29', 'lle': '2.27', 'sei': '4.29'}",CHEMBL211969,,CHEMBL211969,4.89,False,http://www.openphacts.org/units/Nanomolar,534144,=,1,True,=,,IC50,nM,,13000.0,CHEMBL3927,SARS coronavirus,SARS coronavirus 3C-like proteinase,227859,,,IC50,uM,UO_0000065,,13.0
,1750391,[],CHEMBL854506,Inhibition of SARS coronavirus main protease,B,,,BAO_0000190,BAO_0000357,single protein format,O=[N+]([O-])c1ccc(S(=O)(=O)c2ccc(Cl)cc2)[n+]([O-])c1,,,CHEMBL1145342,J. Med. Chem.,2006,"{'bei': '15.33', 'le': '0.33', 'lle': '3.11', 'sei': '4.63'}",CHEMBL384739,,CHEMBL384739,4.82,False,http://www.openphacts.org/units/Nanomolar,534145,=,1,True,=,,IC50,nM,,15000.0,CHEMBL3927,SARS coronavirus,SARS coronavirus 3C-like proteinase,227859,,,IC50,uM,UO_0000065,,15.0
,1750392,[],CHEMBL854506,Inhibition of SARS coronavirus main protease,B,,,BAO_0000190,BAO_0000357,single protein format,CCOC(=O)/C(C#N)=C/Nc1ccc(S(=O)(=O)c2ccc(/N=C/C(C#N)=C(\O)OCC)cc2)cc1,,,CHEMBL1145342,J. Med. Chem.,2006,"{'bei': '9.70', 'le': '0.19', 'lle': '0.87', 'sei': '2.96'}",CHEMBL215732,,CHEMBL215732,4.80,False,http://www.openphacts.org/units/Nanomolar,534146,=,1,True,=,,IC50,nM,,16000.0,CHEMBL3927,SARS coronavirus,SARS coronavirus 3C-like proteinase,227859,,,IC50,uM,UO_0000065,,16.0
,1750394,[],CHEMBL854506,Inhibition of SARS coronavirus main protease,B,,,BAO_0000190,BAO_0000357,single protein format,O=C(O)c1ccc(S(=O)(=O)c2cc(Br)c(O)c(Br)c2)cc1,,,CHEMBL1145342,J. Med. Chem.,2006,"{'bei': '11.00', 'le': '0.31', 'lle': '1.35', 'sei': '5.23'}",CHEMBL212240,,CHEMBL212240,4.80,False,http://www.openphacts.org/units/Nanomolar,534147,=,1,True,=,,IC50,nM,,16000.0,CHEMBL3927,SARS coronavirus,SARS coronavirus 3C-like proteinase,227859,,,IC50,uM,UO_0000065,,16.0
,1750395,[],CHEMBL854506,Inhibition of SARS coronavirus main protease,B,,,BAO_0000190,BAO_0000357,single protein format,CC(=O)c1ccccc1S(=O)(=O)c1ccccc1C(=O)O,,,CHEMBL1145342,J. Med. Chem.,2006,"{'bei': '15.76', 'le': '0.31', 'lle': '2.38', 'sei': '5.42'}",CHEMBL377253,,CHEMBL377253,4.80,False,http://www.openphacts.org/units/Nanomolar,534148,=,1,True,=,,IC50,nM,,16000.0,CHEMBL3927,SARS coronavirus,SARS coronavirus 3C-like proteinase,227859,,,IC50,uM,UO_0000065,,16.0
,1750397,[],CHEMBL854506,Inhibition of SARS coronavirus main protease,B,,,BAO_0000190,BAO_0000357,single protein format,O=[N+]([O-])c1ccc(S(=O)(=O)c2ccc([N+](=O)[O-])cc2)cc1,,,CHEMBL1145342,J. Med. Chem.,2006,"{'bei': '14.93', 'le': '0.30', 'lle': '2.26', 'sei': '3.82'}",CHEMBL215397,,CHEMBL215397,4.60,False,http://www.openphacts.org/units/Nanomolar,534149,=,1,True,=,,IC50,nM,,25000.0,CHEMBL3927,SARS coronavirus,SARS coronavirus 3C-like proteinase,227859,,,IC50,uM,UO_0000065,,25.0
,1750398,[],CHEMBL854506,Inhibition of SARS coronavirus main protease,B,,,BAO_0000190,BAO_0000357,single protein format,CCOC(=O)C(=CNc1ccc(S(=O)(=O)c2ccc(/N=C/C(C(=O)OCC)=C(\O)OCC)cc2)cc1)C(=O)OCC,,,CHEMBL1145342,J. Med. Chem.,2006,"{'bei': '7.64', 'le': '0.15', 'lle': '0.48', 'sei': '2.69'}",CHEMBL378342,,CHEMBL378342,4.50,False,http://www.openphacts.org/units/Nanomolar,534150,=,1,True,=,,IC50,nM,,32000.0,CHEMBL3927,SARS coronavirus,SARS coronavirus 3C-like proteinase,227859,,,IC50,uM,UO_0000065,,32.0
,1750400,[],CHEMBL854506,Inhibition of SARS coronavirus main protease,B,,,BAO_0000190,BAO_0000357,single protein format,O=C(Sc1nnc(C(F)(F)F)[nH]1)c1ccc(C#Cc2ccccc2)o1,,,CHEMBL1145342,J. Med. Chem.,2006,"{'bei': '15.20', 'le': '0.30', 'lle': '1.77', 'sei': '7.69'}",CHEMBL379642,,CHEMBL379642,5.52,False,http://www.openphacts.org/units/Nanomolar,534151,=,1,True,=,,IC50,nM,,3000.0,CHEMBL3927,SARS coronavirus,SARS coronavirus 3C-like proteinase,227859,,,IC50,uM,UO_0000065,,3.0
,1750401,[],CHEMBL854506,Inhibition of SARS coronavirus main protease,B,,,BAO_0000190,BAO_0000357,single protein format,Cc1noc(NC(=O)c2ccc(-c3cc(C(F)(F)F)nn3C)s2)c1[N+](=O)[O-],,,CHEMBL1145342,J. Med. Chem.,2006,"{'bei': '13.21', 'le': '0.27', 'lle': '1.68', 'sei': '4.57'}",CHEMBL427404,,CHEMBL427404,5.30,False,http://www.openphacts.org/units/Nanomolar,534152,=,1,True,=,,IC50,nM,,5000.0,CHEMBL3927,SARS coronavirus,SARS coronavirus 3C-like proteinase,227859,,,IC50,uM,UO_0000065,,5.0
,1750403,[],CHEMBL854506,Inhibition of SARS coronavirus main protease,B,,,BAO_0000190,BAO_0000357,single protein format,Cc1oc(C(C)(C)C)cc1-c1cc(NS(=O)(=O)c2cccs2)[nH]n1,,,CHEMBL1145342,J. Med. Chem.,2006,"{'bei': '13.68', 'le': '0.28', 'lle': '0.86', 'sei': '5.68'}",CHEMBL212190,,CHEMBL212190,5.00,False,http://www.openphacts.org/units/Nanomolar,534153,=,1,True,=,,IC50,nM,,10000.0,CHEMBL3927,SARS coronavirus,SARS coronavirus 3C-like proteinase,227859,,,IC50,uM,UO_0000065,,10.0
,1750404,[],CHEMBL854506,Inhibition of SARS coronavirus main protease,B,,,BAO_0000190,BAO_0000357,single protein format,CSc1[nH]nc(NC(=O)c2cccs2)c1S(=O)(=O)c1ccccc1,,,CHEMBL1145342,J. Med. Chem.,2006,"{'bei': '12.71', 'le': '0.27', 'lle': '1.54', 'sei': '5.25'}",CHEMBL378700,,CHEMBL378700,4.82,False,http://www.openphacts.org/units/Nanomolar,534154,=,1,True,=,,IC50,nM,,15000.0,CHEMBL3927,SARS coronavirus,SARS coronavirus 3C-like proteinase,227859,,,IC50,uM,UO_0000065,,15.0
,1750406,[],CHEMBL854506,Inhibition of SARS coronavirus main protease,B,,,BAO_0000190,BAO_0000357,single protein format,CC1(C)CC(=O)c2c(NCc3ccco3)sc(C#N)c2C1,,,CHEMBL1145342,J. Med. Chem.,2006,"{'bei': '15.97', 'le': '0.31', 'lle': '0.82', 'sei': '7.26'}",CHEMBL212019,,CHEMBL212019,4.80,False,http://www.openphacts.org/units/Nanomolar,534155,=,1,True,=,,IC50,nM,,16000.0,CHEMBL3927,SARS coronavirus,SARS coronavirus 3C-like proteinase,227859,,,IC50,uM,UO_0000065,,16.0
,1750407,[],CHEMBL854506,Inhibition of SARS coronavirus main protease,B,,,BAO_0000190,BAO_0000357,single protein format,CSc1nn(-c2c([N+](=O)[O-])c(C)nn2C)c(-c2cccs2)c1C#N,,,CHEMBL1145342,J. Med. Chem.,2006,"{'bei': '13.16', 'le': '0.27', 'lle': '1.60', 'sei': '4.63'}",CHEMBL212399,,CHEMBL212399,4.75,False,http://www.openphacts.org/units/Nanomolar,534156,=,1,True,=,,IC50,nM,,18000.0,CHEMBL3927,SARS coronavirus,SARS coronavirus 3C-like proteinase,227859,,,IC50,uM,UO_0000065,,18.0
,1750409,[],CHEMBL854506,Inhibition of SARS coronavirus main protease,B,,,BAO_0000190,BAO_0000357,single protein format,O=S(=O)(Cc1[nH]c(-c2ccc(Cl)s2)c[s+]1)c1cccs1.[Br-],,,CHEMBL1145342,J. Med. Chem.,2006,"{'bei': '13.07', 'le': '0.32', 'lle': '-0.03', 'sei': '9.50'}",CHEMBL215733,,CHEMBL1182159,4.75,False,http://www.openphacts.org/units/Nanomolar,534157,=,1,True,=,,IC50,nM,,18000.0,CHEMBL3927,SARS coronavirus,SARS coronavirus 3C-like proteinase,227859,,,IC50,uM,UO_0000065,,18.0
,1750411,[],CHEMBL854506,Inhibition of SARS coronavirus main protease,B,,,BAO_0000190,BAO_0000357,single protein format,Cc1nn(C)c(NCc2ccc(-c3cccs3)s2)c1[N+](=O)[O-],,,CHEMBL1145342,J. Med. Chem.,2006,"{'bei': '14.05', 'le': '0.29', 'lle': '0.66', 'sei': '6.44'}",CHEMBL375130,,CHEMBL375130,4.70,False,http://www.openphacts.org/units/Nanomolar,534158,=,1,True,=,,IC50,nM,,20000.0,CHEMBL3927,SARS coronavirus,SARS coronavirus 3C-like proteinase,227859,,,IC50,uM,UO_0000065,,20.0
,1750413,[],CHEMBL854506,Inhibition of SARS coronavirus main protease,B,,,BAO_0000190,BAO_0000357,single protein format,O=C(Cc1nccs1)c1nccs1,,,CHEMBL1145342,J. Med. Chem.,2006,"{'bei': '20.91', 'le': '0.46', 'lle': '2.38', 'sei': '10.26'}",CHEMBL214372,,CHEMBL214372,4.40,False,http://www.openphacts.org/units/Nanomolar,534159,=,1,True,=,,IC50,nM,,40000.0,CHEMBL3927,SARS coronavirus,SARS coronavirus 3C-like proteinase,227859,,,IC50,uM,UO_0000065,,40.0
,1750414,[],CHEMBL854506,Inhibition of SARS coronavirus main protease,B,,,BAO_0000190,BAO_0000357,single protein format,Cc1cc(S(=O)(=O)c2c([N+](=O)[O-])cc(C(F)(F)F)cc2[N+](=O)[O-])c(Cl)cc1Cl,,,CHEMBL1145342,J. Med. Chem.,2006,"{'bei': '14.21', 'le': '0.32', 'lle': '1.55', 'sei': '5.42'}",CHEMBL212218,,CHEMBL212218,6.52,False,http://www.openphacts.org/units/Nanomolar,534139,=,1,True,=,,IC50,nM,,300.0,CHEMBL3927,SARS coronavirus,SARS coronavirus 3C-like proteinase,227859,,,IC50,uM,UO_0000065,,0.3
,1830967,[],CHEMBL918059,Inhibition of SARS coronavirus 3C-like protease,B,,,BAO_0000190,BAO_0000357,single protein format,O=C(Oc1cncc(Cl)c1)c1ccco1,,,CHEMBL1144475,J. Med. Chem.,2007,"{'bei': '32.30', 'le': '0.66', 'lle': '4.67', 'sei': '13.80'}",CHEMBL222840,,CHEMBL222840,7.22,False,http://www.openphacts.org/units/Nanomolar,629355,=,1,True,=,,IC50,nM,,60.0,CHEMBL3927,SARS coronavirus,SARS coronavirus 3C-like proteinase,227859,,,IC50,nM,UO_0000065,,60.0
,1830968,[],CHEMBL918059,Inhibition of SARS coronavirus 3C-like protease,B,,,BAO_0000190,BAO_0000357,single protein format,O=C(Oc1cncc(Cl)c1)c1ccc(-c2ccc(Cl)cc2)o1,,,CHEMBL1144475,J. Med. Chem.,2007,"{'bei': '21.55', 'le': '0.45', 'lle': '2.33', 'sei': '13.76'}",CHEMBL222769,,CHEMBL222769,7.20,False,http://www.openphacts.org/units/Nanomolar,629372,=,1,True,=,,IC50,nM,,63.0,CHEMBL3927,SARS coronavirus,SARS coronavirus 3C-like proteinase,227859,,,IC50,nM,UO_0000065,,63.0
,1830969,[],CHEMBL918059,Inhibition of SARS coronavirus 3C-like protease,B,,,BAO_0000190,BAO_0000357,single protein format,COc1cccc(C(=O)Oc2cncc(Cl)c2)c1,,,CHEMBL1144475,J. Med. Chem.,2007,"{'bei': '24.53', 'le': '0.49', 'lle': '3.51', 'sei': '13.36'}",CHEMBL222735,,CHEMBL222735,6.47,False,http://www.openphacts.org/units/Nanomolar,629371,=,1,True,=,,IC50,nM,,340.0,CHEMBL3927,SARS coronavirus,SARS coronavirus 3C-like proteinase,227859,,,IC50,nM,UO_0000065,,340.0
,1831021,[],CHEMBL918059,Inhibition of SARS coronavirus 3C-like protease,B,,,BAO_0000190,BAO_0000357,single protein format,O=C(Oc1cncc(Cl)c1)c1cscn1,,,CHEMBL1144475,J. Med. Chem.,2007,"{'bei': '27.29', 'le': '0.60', 'lle': '4.16', 'sei': '12.61'}",CHEMBL222628,,CHEMBL222628,6.57,False,http://www.openphacts.org/units/Nanomolar,629370,=,1,True,=,,IC50,nM,,270.0,CHEMBL3927,SARS coronavirus,SARS coronavirus 3C-like proteinase,227859,,,IC50,nM,UO_0000065,,270.0
,1831022,[],CHEMBL918059,Inhibition of SARS coronavirus 3C-like protease,B,,,BAO_0000190,BAO_0000357,single protein format,O=C(Oc1cncc(Cl)c1)c1cc2ccccc2s1,,,CHEMBL1144475,J. Med. Chem.,2007,"{'bei': '24.24', 'le': '0.50', 'lle': '2.85', 'sei': '17.92'}",CHEMBL222893,,CHEMBL222893,7.02,False,http://www.openphacts.org/units/Nanomolar,629369,=,1,True,=,,IC50,nM,,95.0,CHEMBL3927,SARS coronavirus,SARS coronavirus 3C-like proteinase,227859,,,IC50,nM,UO_0000065,,95.0
,1831023,[],CHEMBL918059,Inhibition of SARS coronavirus 3C-like protease,B,,,BAO_0000190,BAO_0000357,single protein format,O=C(Oc1cncc(Cl)c1)c1cc2ccccc2[nH]1,,,CHEMBL1144475,J. Med. Chem.,2007,"{'bei': '26.36', 'le': '0.52', 'lle': '3.75', 'sei': '13.07'}",CHEMBL225515,,CHEMBL225515,7.19,False,http://www.openphacts.org/units/Nanomolar,629368,=,1,True,=,,IC50,nM,,65.0,CHEMBL3927,SARS coronavirus,SARS coronavirus 3C-like proteinase,227859,,,IC50,nM,UO_0000065,,65.0
,1831024,[],CHEMBL918059,Inhibition of SARS coronavirus 3C-like protease,B,,,BAO_0000190,BAO_0000357,single protein format,O=C(Oc1cncc(Br)c1)c1ccco1,,,CHEMBL1144475,J. Med. Chem.,2007,"{'bei': '27.24', 'le': '0.66', 'lle': '4.64', 'sei': '13.95'}",CHEMBL222234,,CHEMBL222234,7.30,False,http://www.openphacts.org/units/Nanomolar,629359,=,1,True,=,,IC50,nM,,50.0,CHEMBL3927,SARS coronavirus,SARS coronavirus 3C-like proteinase,227859,,,IC50,nM,UO_0000065,,50.0
,1831025,[],CHEMBL918059,Inhibition of SARS coronavirus 3C-like protease,B,,,BAO_0000190,BAO_0000357,single protein format,O=C(Oc1cncc(Cl)c1)c1cc2ccccc2o1,,,CHEMBL1144475,J. Med. Chem.,2007,"{'bei': '24.74', 'le': '0.49', 'lle': '3.07', 'sei': '12.94'}",CHEMBL426898,,CHEMBL426898,6.77,False,http://www.openphacts.org/units/Nanomolar,629356,=,1,True,=,,IC50,nM,,170.0,CHEMBL3927,SARS coronavirus,SARS coronavirus 3C-like proteinase,227859,,,IC50,nM,UO_0000065,,170.0
,12040779,[],CHEMBL2149727,Inhibition of SARS-CoV 3CLpro expressed in Escherichia coli BL21 (DE3) using Dabcyl-KNSTLQSGLRKE-Edan as substrate after 60 mins by FRET analysis,B,,,BAO_0000190,BAO_0000019,assay format,Cc1coc2c1C(=O)C(=O)c1c-2ccc2c1CCCC2(C)C,,,CHEMBL2146458,Bioorg. Med. Chem.,2012,"{'bei': '13.76', 'le': '0.25', 'lle': '-0.20', 'sei': '8.57'}",CHEMBL187266,TANSHINONE IIA,CHEMBL187266,4.05,False,http://www.openphacts.org/units/Nanomolar,1727224,=,1,True,=,,IC50,nM,,89100.0,CHEMBL3927,SARS coronavirus,SARS coronavirus 3C-like proteinase,227859,,,IC50,uM,UO_0000065,,89.1
,12040780,[],CHEMBL2149727,Inhibition of SARS-CoV 3CLpro expressed in Escherichia coli BL21 (DE3) using Dabcyl-KNSTLQSGLRKE-Edan as substrate after 60 mins by FRET analysis,B,,,BAO_0000190,BAO_0000019,assay format,Cc1coc2c1C(=O)C(=O)c1c-2ccc2c1CCCC2(C)CO,,,CHEMBL2146458,Bioorg. Med. Chem.,2012,"{'bei': '14.84', 'le': '0.27', 'lle': '1.39', 'sei': '6.82'}",CHEMBL215254,TANSHINONE IIB,CHEMBL215254,4.61,False,http://www.openphacts.org/units/Nanomolar,1727225,=,1,True,=,,IC50,nM,,24800.0,CHEMBL3927,SARS coronavirus,SARS coronavirus 3C-like proteinase,227859,,,IC50,uM,UO_0000065,,24.8
,12040781,[],CHEMBL2149727,Inhibition of SARS-CoV 3CLpro expressed in Escherichia coli BL21 (DE3) using Dabcyl-KNSTLQSGLRKE-Edan as substrate after 60 mins by FRET analysis,B,,,BAO_0000190,BAO_0000019,assay format,COC(=O)[C@@]1(C)CCCc2c1ccc1c2C(=O)C(=O)c2c(C)coc2-1,,,CHEMBL2146458,Bioorg. Med. Chem.,2012,"{'bei': '13.82', 'le': '0.26', 'lle': '1.28', 'sei': '6.35'}",CHEMBL2146517,METHYL TANSHINONATE,CHEMBL2146517,4.68,False,http://www.openphacts.org/units/Nanomolar,1727226,=,1,True,=,,IC50,nM,,21100.0,CHEMBL3927,SARS coronavirus,SARS coronavirus 3C-like proteinase,227859,,,IC50,uM,UO_0000065,,21.1
,12040782,[],CHEMBL2149727,Inhibition of SARS-CoV 3CLpro expressed in Escherichia coli BL21 (DE3) using Dabcyl-KNSTLQSGLRKE-Edan as substrate after 60 mins by FRET analysis,B,,,BAO_0000190,BAO_0000019,assay format,C[C@H]1COC2=C1C(=O)C(=O)c1c2ccc2c1CCCC2(C)C,Outside typical range,"Values for this activity type are unusually large/small, so may not be accurate",CHEMBL2146458,Bioorg. Med. Chem.,2012,,CHEMBL187460,CRYPTOTANSHINONE,CHEMBL187460,,False,http://www.openphacts.org/units/Nanomolar,1727227,=,1,True,=,,IC50,nM,,226700.0,CHEMBL3927,SARS coronavirus,SARS coronavirus 3C-like proteinase,227859,,,IC50,uM,UO_0000065,,226.7
,12040783,[],CHEMBL2149727,Inhibition of SARS-CoV 3CLpro expressed in Escherichia coli BL21 (DE3) using Dabcyl-KNSTLQSGLRKE-Edan as substrate after 60 mins by FRET analysis,B,,,BAO_0000190,BAO_0000019,assay format,Cc1coc2c1C(=O)C(=O)c1c-2ccc2c(C)cccc12,,,CHEMBL2146458,Bioorg. Med. Chem.,2012,"{'bei': '15.97', 'le': '0.29', 'lle': '0.31', 'sei': '9.33'}",CHEMBL363535,TANSHINONE I,CHEMBL363535,4.41,False,http://www.openphacts.org/units/Nanomolar,1727228,=,1,True,=,,IC50,nM,,38700.0,CHEMBL3927,SARS coronavirus,SARS coronavirus 3C-like proteinase,227859,,,IC50,uM,UO_0000065,,38.7
,12040784,[],CHEMBL2149727,Inhibition of SARS-CoV 3CLpro expressed in Escherichia coli BL21 (DE3) using Dabcyl-KNSTLQSGLRKE-Edan as substrate after 60 mins by FRET analysis,B,,,BAO_0000190,BAO_0000019,assay format,Cc1cccc2c3c(ccc12)C1=C(C(=O)C3=O)[C@@H](C)CO1,,,CHEMBL2146458,Bioorg. Med. Chem.,2012,"{'bei': '17.40', 'le': '0.31', 'lle': '1.55', 'sei': '11.16'}",CHEMBL227075,DIHYDROTANSHINONE I,CHEMBL227075,4.84,False,http://www.openphacts.org/units/Nanomolar,1727229,=,1,True,=,,IC50,nM,,14400.0,CHEMBL3927,SARS coronavirus,SARS coronavirus 3C-like proteinase,227859,,,IC50,uM,UO_0000065,,14.4
,12040785,[],CHEMBL2149727,Inhibition of SARS-CoV 3CLpro expressed in Escherichia coli BL21 (DE3) using Dabcyl-KNSTLQSGLRKE-Edan as substrate after 60 mins by FRET analysis,B,,,BAO_0000190,BAO_0000019,assay format,CC(C)C1=Cc2ccc3c(c2C(=O)C1=O)CCCC3(C)C,,,CHEMBL2146458,Bioorg. Med. Chem.,2012,"{'bei': '16.56', 'le': '0.30', 'lle': '0.57', 'sei': '13.70'}",CHEMBL45830,MILTIRONE,CHEMBL45830,4.68,False,http://www.openphacts.org/units/Nanomolar,1727230,=,1,True,=,,IC50,nM,,21100.0,CHEMBL3927,SARS coronavirus,SARS coronavirus 3C-like proteinase,227859,,,IC50,uM,UO_0000065,,21.1
,12040786,[],CHEMBL2149726,Inhibition of SARS-CoV PLpro expressed in Escherichia coli BL21 (DE3) using Arg-Leu-Arg-Gly-Gly-AMC as substrate preincubated for 30 mins by fluorescence assay,B,,,BAO_0000190,BAO_0000019,assay format,Cc1coc2c1C(=O)C(=O)c1c-2ccc2c1CCCC2(C)C,,,CHEMBL2146458,Bioorg. Med. Chem.,2012,"{'bei': '19.69', 'le': '0.36', 'lle': '1.55', 'sei': '12.26'}",CHEMBL187266,TANSHINONE IIA,CHEMBL187266,5.80,False,http://www.openphacts.org/units/Nanomolar,1727224,=,1,True,=,,IC50,nM,,1600.0,CHEMBL3927,SARS coronavirus,SARS coronavirus 3C-like proteinase,227859,,,IC50,uM,UO_0000065,,1.6
,12040787,[],CHEMBL2149726,Inhibition of SARS-CoV PLpro expressed in Escherichia coli BL21 (DE3) using Arg-Leu-Arg-Gly-Gly-AMC as substrate preincubated for 30 mins by fluorescence assay,B,,,BAO_0000190,BAO_0000019,assay format,Cc1coc2c1C(=O)C(=O)c1c-2ccc2c1CCCC2(C)CO,,,CHEMBL2146458,Bioorg. Med. Chem.,2012,"{'bei': '16.02', 'le': '0.30', 'lle': '1.75', 'sei': '7.36'}",CHEMBL215254,TANSHINONE IIB,CHEMBL215254,4.97,False,http://www.openphacts.org/units/Nanomolar,1727225,=,1,True,=,,IC50,nM,,10700.0,CHEMBL3927,SARS coronavirus,SARS coronavirus 3C-like proteinase,227859,,,IC50,uM,UO_0000065,,10.7
,12040788,[],CHEMBL2149726,Inhibition of SARS-CoV PLpro expressed in Escherichia coli BL21 (DE3) using Arg-Leu-Arg-Gly-Gly-AMC as substrate preincubated for 30 mins by fluorescence assay,B,,,BAO_0000190,BAO_0000019,assay format,COC(=O)[C@@]1(C)CCCc2c1ccc1c2C(=O)C(=O)c2c(C)coc2-1,,,CHEMBL2146458,Bioorg. Med. Chem.,2012,"{'bei': '14.88', 'le': '0.28', 'lle': '1.64', 'sei': '6.84'}",CHEMBL2146517,METHYL TANSHINONATE,CHEMBL2146517,5.04,False,http://www.openphacts.org/units/Nanomolar,1727226,=,1,True,=,,IC50,nM,,9200.0,CHEMBL3927,SARS coronavirus,SARS coronavirus 3C-like proteinase,227859,,,IC50,uM,UO_0000065,,9.2
,12040789,[],CHEMBL2149726,Inhibition of SARS-CoV PLpro expressed in Escherichia coli BL21 (DE3) using Arg-Leu-Arg-Gly-Gly-AMC as substrate preincubated for 30 mins by fluorescence assay,B,,,BAO_0000190,BAO_0000019,assay format,C[C@H]1COC2=C1C(=O)C(=O)c1c2ccc2c1CCCC2(C)C,,,CHEMBL2146458,Bioorg. Med. Chem.,2012,"{'bei': '20.57', 'le': '0.38', 'lle': '2.66', 'sei': '14.06'}",CHEMBL187460,CRYPTOTANSHINONE,CHEMBL187460,6.10,False,http://www.openphacts.org/units/Nanomolar,1727227,=,1,True,=,,IC50,nM,,800.0,CHEMBL3927,SARS coronavirus,SARS coronavirus 3C-like proteinase,227859,,,IC50,uM,UO_0000065,,0.8
,12040790,[],CHEMBL2149726,Inhibition of SARS-CoV PLpro expressed in Escherichia coli BL21 (DE3) using Arg-Leu-Arg-Gly-Gly-AMC as substrate preincubated for 30 mins by fluorescence assay,B,,,BAO_0000190,BAO_0000019,assay format,Cc1coc2c1C(=O)C(=O)c1c-2ccc2c(C)cccc12,,,CHEMBL2146458,Bioorg. Med. Chem.,2012,"{'bei': '18.30', 'le': '0.33', 'lle': '0.96', 'sei': '10.69'}",CHEMBL363535,TANSHINONE I,CHEMBL363535,5.06,False,http://www.openphacts.org/units/Nanomolar,1727228,=,1,True,=,,IC50,nM,,8800.0,CHEMBL3927,SARS coronavirus,SARS coronavirus 3C-like proteinase,227859,,,IC50,uM,UO_0000065,,8.8
,12040791,[],CHEMBL2149726,Inhibition of SARS-CoV PLpro expressed in Escherichia coli BL21 (DE3) using Arg-Leu-Arg-Gly-Gly-AMC as substrate preincubated for 30 mins by fluorescence assay,B,,,BAO_0000190,BAO_0000019,assay format,Cc1cccc2c3c(ccc12)C1=C(C(=O)C3=O)[C@@H](C)CO1,,,CHEMBL2146458,Bioorg. Med. Chem.,2012,"{'bei': '19.08', 'le': '0.35', 'lle': '2.02', 'sei': '12.24'}",CHEMBL227075,DIHYDROTANSHINONE I,CHEMBL227075,5.31,False,http://www.openphacts.org/units/Nanomolar,1727229,=,1,True,=,,IC50,nM,,4900.0,CHEMBL3927,SARS coronavirus,SARS coronavirus 3C-like proteinase,227859,,,IC50,uM,UO_0000065,,4.9
,12040792,[],CHEMBL2149726,Inhibition of SARS-CoV PLpro expressed in Escherichia coli BL21 (DE3) using Arg-Leu-Arg-Gly-Gly-AMC as substrate preincubated for 30 mins by fluorescence assay,B,,,BAO_0000190,BAO_0000019,assay format,CC(C)C1=Cc2ccc3c(c2C(=O)C1=O)CCCC3(C)C,,,CHEMBL2146458,Bioorg. Med. Chem.,2012,"{'bei': '16.02', 'le': '0.29', 'lle': '0.41', 'sei': '13.25'}",CHEMBL45830,MILTIRONE,CHEMBL45830,4.52,False,http://www.openphacts.org/units/Nanomolar,1727230,=,1,True,=,,IC50,nM,,30000.0,CHEMBL3927,SARS coronavirus,SARS coronavirus 3C-like proteinase,227859,,,IC50,uM,UO_0000065,,30.0
,12040801,[],CHEMBL2149729,Inhibition of SARS-CoV PLpro deubiququitination expressed in Escherichia coli BL21 (DE3) using Arg-Leu-Arg-Gly-Gly-AMC as substrate by fluorescence analysis,B,,,BAO_0000190,BAO_0000019,assay format,Cc1coc2c1C(=O)C(=O)c1c-2ccc2c1CCCC2(C)CO,,,CHEMBL2146458,Bioorg. Med. Chem.,2012,"{'bei': '13.80', 'le': '0.25', 'lle': '1.06', 'sei': '6.35'}",CHEMBL215254,TANSHINONE IIB,CHEMBL215254,4.28,False,http://www.openphacts.org/units/Nanomolar,1727225,=,1,True,=,,IC50,nM,,52000.0,CHEMBL3927,SARS coronavirus,SARS coronavirus 3C-like proteinase,227859,,,IC50,uM,UO_0000065,,52.0
,12040803,[],CHEMBL2149729,Inhibition of SARS-CoV PLpro deubiququitination expressed in Escherichia coli BL21 (DE3) using Arg-Leu-Arg-Gly-Gly-AMC as substrate by fluorescence analysis,B,,,BAO_0000190,BAO_0000019,assay format,C[C@H]1COC2=C1C(=O)C(=O)c1c2ccc2c1CCCC2(C)C,,,CHEMBL2146458,Bioorg. Med. Chem.,2012,"{'bei': '13.69', 'le': '0.25', 'lle': '0.62', 'sei': '9.36'}",CHEMBL187460,CRYPTOTANSHINONE,CHEMBL187460,4.06,False,http://www.openphacts.org/units/Nanomolar,1727227,=,1,True,=,,IC50,nM,,87600.0,CHEMBL3927,SARS coronavirus,SARS coronavirus 3C-like proteinase,227859,,,IC50,uM,UO_0000065,,87.6
,12040804,[],CHEMBL2149729,Inhibition of SARS-CoV PLpro deubiququitination expressed in Escherichia coli BL21 (DE3) using Arg-Leu-Arg-Gly-Gly-AMC as substrate by fluorescence analysis,B,,,BAO_0000190,BAO_0000019,assay format,Cc1coc2c1C(=O)C(=O)c1c-2ccc2c(C)cccc12,,,CHEMBL2146458,Bioorg. Med. Chem.,2012,"{'bei': '22.28', 'le': '0.40', 'lle': '2.05', 'sei': '13.02'}",CHEMBL363535,TANSHINONE I,CHEMBL363535,6.16,False,http://www.openphacts.org/units/Nanomolar,1727228,=,1,True,=,,IC50,nM,,700.0,CHEMBL3927,SARS coronavirus,SARS coronavirus 3C-like proteinase,227859,,,IC50,uM,UO_0000065,,0.7
,12040805,[],CHEMBL2149729,Inhibition of SARS-CoV PLpro deubiququitination expressed in Escherichia coli BL21 (DE3) using Arg-Leu-Arg-Gly-Gly-AMC as substrate by fluorescence analysis,B,,,BAO_0000190,BAO_0000019,assay format,Cc1cccc2c3c(ccc12)C1=C(C(=O)C3=O)[C@@H](C)CO1,,,CHEMBL2146458,Bioorg. Med. Chem.,2012,"{'bei': '21.27', 'le': '0.39', 'lle': '2.63', 'sei': '13.65'}",CHEMBL227075,DIHYDROTANSHINONE I,CHEMBL227075,5.92,False,http://www.openphacts.org/units/Nanomolar,1727229,=,1,True,=,,IC50,nM,,1200.0,CHEMBL3927,SARS coronavirus,SARS coronavirus 3C-like proteinase,227859,,,IC50,uM,UO_0000065,,1.2
,12041462,[],CHEMBL2149729,Inhibition of SARS-CoV PLpro deubiququitination expressed in Escherichia coli BL21 (DE3) using Arg-Leu-Arg-Gly-Gly-AMC as substrate by fluorescence analysis,B,,,BAO_0000190,BAO_0000019,assay format,CC(C)C1=Cc2ccc3c(c2C(=O)C1=O)CCCC3(C)C,,,CHEMBL2146458,Bioorg. Med. Chem.,2012,"{'bei': '14.95', 'le': '0.27', 'lle': '0.11', 'sei': '12.36'}",CHEMBL45830,MILTIRONE,CHEMBL45830,4.22,False,http://www.openphacts.org/units/Nanomolar,1727230,=,1,True,=,,IC50,nM,,60200.0,CHEMBL3927,SARS coronavirus,SARS coronavirus 3C-like proteinase,227859,,,IC50,uM,UO_0000065,,60.2
,12041505,[],CHEMBL2150313,Inhibition of SARS-CoV PLpro expressed in Escherichia coli BL21 (DE3) using Arg-Leu-Arg-Gly-Gly-AMC as substrate by fluorescence assay,B,,,BAO_0000190,BAO_0000019,assay format,Cc1coc2c1C(=O)C(=O)c1c-2ccc2c1CCCC2(C)C,,,CHEMBL2146458,Bioorg. Med. Chem.,2012,"{'bei': '16.20', 'le': '0.30', 'lle': '0.52', 'sei': '10.08'}",CHEMBL187266,TANSHINONE IIA,CHEMBL187266,4.77,False,http://www.openphacts.org/units/Nanomolar,1727224,=,1,True,=,,IC50,nM,,17100.0,CHEMBL3927,SARS coronavirus,SARS coronavirus 3C-like proteinase,227859,,,IC50,uM,UO_0000065,,17.1
,12041506,[],CHEMBL2150313,Inhibition of SARS-CoV PLpro expressed in Escherichia coli BL21 (DE3) using Arg-Leu-Arg-Gly-Gly-AMC as substrate by fluorescence assay,B,,,BAO_0000190,BAO_0000019,assay format,Cc1coc2c1C(=O)C(=O)c1c-2ccc2c1CCCC2(C)CO,,,CHEMBL2146458,Bioorg. Med. Chem.,2012,"{'bei': '15.29', 'le': '0.28', 'lle': '1.52', 'sei': '7.03'}",CHEMBL215254,TANSHINONE IIB,CHEMBL215254,4.75,False,http://www.openphacts.org/units/Nanomolar,1727225,=,1,True,=,,IC50,nM,,18000.0,CHEMBL3927,SARS coronavirus,SARS coronavirus 3C-like proteinase,227859,,,IC50,uM,UO_0000065,,18.0
,12041507,[],CHEMBL2150313,Inhibition of SARS-CoV PLpro expressed in Escherichia coli BL21 (DE3) using Arg-Leu-Arg-Gly-Gly-AMC as substrate by fluorescence assay,B,,,BAO_0000190,BAO_0000019,assay format,COC(=O)[C@@]1(C)CCCc2c1ccc1c2C(=O)C(=O)c2c(C)coc2-1,,,CHEMBL2146458,Bioorg. Med. Chem.,2012,"{'bei': '14.70', 'le': '0.27', 'lle': '1.57', 'sei': '6.76'}",CHEMBL2146517,METHYL TANSHINONATE,CHEMBL2146517,4.97,False,http://www.openphacts.org/units/Nanomolar,1727226,=,1,True,=,,IC50,nM,,10600.0,CHEMBL3927,SARS coronavirus,SARS coronavirus 3C-like proteinase,227859,,,IC50,uM,UO_0000065,,10.6
,12041508,[],CHEMBL2150313,Inhibition of SARS-CoV PLpro expressed in Escherichia coli BL21 (DE3) using Arg-Leu-Arg-Gly-Gly-AMC as substrate by fluorescence assay,B,,,BAO_0000190,BAO_0000019,assay format,C[C@H]1COC2=C1C(=O)C(=O)c1c2ccc2c1CCCC2(C)C,,,CHEMBL2146458,Bioorg. Med. Chem.,2012,"{'bei': '16.86', 'le': '0.31', 'lle': '1.56', 'sei': '11.52'}",CHEMBL187460,CRYPTOTANSHINONE,CHEMBL187460,5.00,False,http://www.openphacts.org/units/Nanomolar,1727227,=,1,True,=,,IC50,nM,,10100.0,CHEMBL3927,SARS coronavirus,SARS coronavirus 3C-like proteinase,227859,,,IC50,uM,UO_0000065,,10.1
,12041509,[],CHEMBL2150313,Inhibition of SARS-CoV PLpro expressed in Escherichia coli BL21 (DE3) using Arg-Leu-Arg-Gly-Gly-AMC as substrate by fluorescence assay,B,,,BAO_0000190,BAO_0000019,assay format,Cc1coc2c1C(=O)C(=O)c1c-2ccc2c(C)cccc12,,,CHEMBL2146458,Bioorg. Med. Chem.,2012,"{'bei': '17.88', 'le': '0.32', 'lle': '0.84', 'sei': '10.45'}",CHEMBL363535,TANSHINONE I,CHEMBL363535,4.94,False,http://www.openphacts.org/units/Nanomolar,1727228,=,1,True,=,,IC50,nM,,11500.0,CHEMBL3927,SARS coronavirus,SARS coronavirus 3C-like proteinase,227859,,,IC50,uM,UO_0000065,,11.5
,12041510,[],CHEMBL2150313,Inhibition of SARS-CoV PLpro expressed in Escherichia coli BL21 (DE3) using Arg-Leu-Arg-Gly-Gly-AMC as substrate by fluorescence assay,B,,,BAO_0000190,BAO_0000019,assay format,Cc1cccc2c3c(ccc12)C1=C(C(=O)C3=O)[C@@H](C)CO1,,,CHEMBL2146458,Bioorg. Med. Chem.,2012,"{'bei': '17.86', 'le': '0.32', 'lle': '1.68', 'sei': '11.46'}",CHEMBL227075,DIHYDROTANSHINONE I,CHEMBL227075,4.97,False,http://www.openphacts.org/units/Nanomolar,1727229,=,1,True,=,,IC50,nM,,10700.0,CHEMBL3927,SARS coronavirus,SARS coronavirus 3C-like proteinase,227859,,,IC50,uM,UO_0000065,,10.7
,12041511,[],CHEMBL2150313,Inhibition of SARS-CoV PLpro expressed in Escherichia coli BL21 (DE3) using Arg-Leu-Arg-Gly-Gly-AMC as substrate by fluorescence assay,B,,,BAO_0000190,BAO_0000019,assay format,CC(C)C1=Cc2ccc3c(c2C(=O)C1=O)CCCC3(C)C,,,CHEMBL2146458,Bioorg. Med. Chem.,2012,"{'bei': '14.53', 'le': '0.27', 'lle': '-0.01', 'sei': '12.02'}",CHEMBL45830,MILTIRONE,CHEMBL45830,4.10,False,http://www.openphacts.org/units/Nanomolar,1727230,=,1,True,=,,IC50,nM,,78900.0,CHEMBL3927,SARS coronavirus,SARS coronavirus 3C-like proteinase,227859,,,IC50,uM,UO_0000065,,78.9
